1101,17109_1701_x8048_y22277,9,AId
783,17109_1801_x6698_y12550,9,AId
328,17109_1901_x9602_y10508,9,AId
1021,17109_2201_x8046_y23301,9,MOs
783,17109_2301_x8535_y23051,9,AId
1101,17109_2301_x9418_y23665,9,AId
648,17109_2401_x8977_y24184,9,MOp
1101,17109_2401_x9338_y2394,9,AId
1101,17109_2401_x9695_y9693,9,AId
328,17109_2401_x9954_y9122,9,AId
1101,17109_2500_x9864_y9311,9,AId
1101,17109_2601_x10213_y8783,9,AId
648,17109_2601_x9296_y24691,9,MOp
328,17109_2601_x9498_y8169,9,AId
328,17109_3101_x10824_y7188,9,AId
1090,17109_3701_x9228_y26684,9,SSs
1035,17109_4101_x6753_y6197,9,SSs
1035,17109_4764_x6621_y5727,9,SSs
1090,17109_4772_x9038_y27257,9,SSs
778,17109_6201_x4328_y6753,9,VISp
312782612,17109_6301_x4756_y24516,9,VISrl
1023,17109_6401_x7641_y3978,9,AUDv
990,17109_6401_x7989_y3767,9,AUDv
759,17109_6501_x6997_y4287,9,AUDpo
233,17109_6601_x4384_y7436,9,VISal
233,17109_6601_x5417_y25287,9,VISal
289,17109_6801_x7432_y4405,8,TEa
289,17109_6901_x7203_y26714,8,TEa
74,17109_7001_x5738_y6470,9,VISl
234,17109_7001_x6205_y5194,8,TEa
1090,17300_3426_x20339_y44872,9,SSs
1090,17300_3514_x19676_y45282,9,SSs
312782554,17300_5571_x27063_y39610,9,VISa
687,17300_5896_x24862_y27320,9,RSPv
41,17300_5969_x27278_y20820,9,VISp
1114,17300_6010_x23413_y13446,9,VISal
583,17302_00001,6,CP
583,17302_00002,6,CP
583,17302_00003,6,CP
672,17302_00005,7,CP
672,17302_00006,7,CP
672,17302_00007,7,CP
672,17302_00009,7,CP
672,17302_00010,7,CP
672,17302_00011,7,CP
672,17302_00013,7,CP
672,17302_00014,7,CP
672,17302_00015,7,CP
672,17302_00016,7,CP
672,17302_00017,7,CP
672,17302_00018,7,CP
629,17302_00020,8,VPL
733,17302_00021,9,VPL
1096,17302_00023,9,AM
15,17302_00024,8,PVT
15,17302_00025,8,MD
672,17302_00027,7,CP
672,17302_00030,7,CP
672,17302_00031,7,CP
1108,17302_00032,5,CP
672,17302_00033,7,CP
1088,17302_00035,9,MG
1079,17302_00036,9,MG
733,17302_00037,9,LGd
1072,17302_00038,9,MG
496345672,17302_00039,9,LGd
218,17302_00040,8,LGd
496345668,17302_00041,9,LGd
672,17302_00043,7,CP
672,17302_00044,7,CP
672,17302_00045,7,CP
672,17302_00046,7,CP
484682512,17302_00047,3,CP
496345672,17302_00048,9,LGd
496345668,17302_00049,9,LGd
672,17302_00050,7,CP
325,17302_00052,8,MG
733,17302_00053,9,VPM
1020,17302_00054,8,VPM
672,17302_00055,7,CP
672,17302_00056,7,CP
484682516,17302_00057,5,CP
672,17302_00059,7,CP
672,17302_00062,7,CP
484682516,17302_00063,5,CP
997,17302_00064,1,LGd
218,17302_00065,8,LGd
218,17302_00066,8,LGd
672,17302_00074,7,CP
672,17302_00075,7,CP
797,17302_00076,7,MG
797,17302_00077,7,MG
484682524,17302_00078,5,VPL
1088,17302_00079,9,MG
797,17302_00080,7,LGd
579,17302_00081,6,CP
672,17302_00085,7,CP
672,17302_00086,7,CP
662,17302_00087,8,CP
672,17302_00091,7,CP
672,17302_00093,7,CP
672,17302_00094,7,CP
672,17302_00095,7,CP
638,17302_00096,8,CP
672,17302_00097,7,CP
672,17302_00098,7,CP
672,17302_00099,7,CP
672,17302_00101,7,CP
1108,17302_00102,5,CP
484682512,17302_00103,3,CP
672,17302_00105,7,CP
672,17302_00106,7,CP
672,17302_00108,7,CP
672,17302_00110,7,CP
733,17302_00112,9,VPM
262,17302_00113,7,VPM
733,17302_00114,9,VPM
733,17302_00115,9,VPM
718,17302_00116,9,VPL
496345664,17302_00117,9,LGd
178,17302_00118,8,LGd
496345672,17302_00119,9,LGd
496345672,17302_00120,9,LGd
496345672,17302_00121,9,LGd
484682516,17302_00123,5,CP
484682516,17302_00124,5,CP
218,17302_00125,8,LP
1058,17543_00126,8,VISC
577,17543_00140,10,SSp-ul
950,17543_2434_x11441_y5587,10,SSp-m
1035,17543_3308_x10077_y3766,9,SSp-m
1058,17543_3471_x12087_y3637,8,VISC
950,17543_3705_x9619_y20864,10,SSs
1094,17543_3828_x6023_y17044,10,SSp-ll
201,17543_3842_x7369_y3542,10,SSp-bfd
1114,17543_5296_x5131_y20385,9,VISal
233,17543_5334_x5066_y20381,9,VISal
672,17545_00001,7,CP
549,17545_00003,5,VPL
672,17545_00004,7,CP
672,17545_00006,7,CP
672,17545_00007,7,CP
672,17545_00008,7,CP
672,17545_00023,7,CP
672,17545_00024,7,CP
672,17545_00025,7,CP
672,17545_00026,7,CP
672,17545_00027,7,CP
672,17545_00028,7,CP
672,17545_00029,7,CP
672,17545_00030,7,CP
672,17545_00040,7,CP
672,17545_00041,7,CP
672,17545_00044,7,CP
672,17545_00045,7,CP
672,17545_00046,7,CP
672,17545_00047,7,CP
672,17545_00048,7,CP
672,17545_00050,7,CP
672,17545_00052,7,CP
672,17545_00053,7,CP
262,17545_00054,7,VPL
262,17545_00055,7,VPL
484682520,17545_00056,5,VPM
733,17545_00057,9,VPM
733,17545_00058,9,VPM
672,17545_00059,7,CP
672,17545_00060,7,CP
672,17545_00063,7,CP
672,17545_00064,7,CP
672,17545_00065,7,CP
672,17545_00066,7,CP
484682516,17545_00067,5,CP
672,17545_00068,7,CP
1020,17545_00071,8,VAL
672,17545_00073,7,CP
672,17545_00074,7,CP
262,17545_00075,7,VPM
262,17545_00078,7,VPM
496345664,17545_00081,9,MG
1072,17545_00082,9,MG
733,17545_00084,9,VPL
733,17545_00085,9,VPL
1009,17545_00088,2,LGd
484682520,17545_00089,5,LP
496345668,17545_00091,9,LGd
27,17545_00092,8,LGd
466,17545_00093,6,LGd
496345664,17545_00094,9,LGd
496345672,17545_00095,9,LGd
733,17545_00110,9,VPM
484682516,17545_00111,5,CP
672,17545_00113,7,CP
579,17545_00115,6,CP
672,17545_00116,7,CP
672,17545_00118,7,CP
672,17545_00119,7,CP
672,17545_00120,7,CP
672,17545_00121,7,CP
672,17545_00122,7,CP
672,17545_00124,7,CP
672,17545_00125,7,CP
672,17545_00126,7,CP
672,17545_00129,7,CP
672,17545_00130,7,CP
672,17545_00131,7,CP
672,17545_00132,7,CP
672,17545_00136,7,CP
672,17545_00138,7,CP
672,17545_00140,7,CP
718,17545_00142,9,VPL
672,17545_00143,7,CP
672,17545_00144,7,CP
672,17545_00145,7,CP
672,17545_00146,7,CP
672,17545_00147,7,CP
672,17545_00149,7,CP
672,17545_00150,7,CP
733,17545_00154,9,VPM
672,17545_00155,7,CP
484682516,17545_00158,5,CP
484682516,17545_00159,5,CP
1088,17545_00162,9,MG
1079,17545_00163,9,MG
10703,17545_00164,9,MG
549,17545_00165,5,MG
997,17545_00166,1,MG
484682520,17545_00168,5,VPM
484682524,17545_00169,5,VPM
496345672,17545_00170,9,LGd
484682520,17545_00172,5,VPM
496345664,17545_00173,9,LGd
496345668,17545_00174,9,LGd
366,17545_00175,8,SMT
218,17545_00176,8,LP
149,17545_00177,8,PVT
496345668,17545_00179,9,LGd
181,17545_00180,8,RE
952,17781_00001,7,CLA
783,17781_00002,9,CLA
844,17781_00003,9,CLA
672,17781_00004,7,CLA
630,17781_2184_x15071_y19950,9,ORBl
943,17781_2491_x13559_y38398,9,GU
945,17781_3668_x9453_y17266,10,SSp-ul
862,17781_3819_x16144_y41186,9,SSs
672,17781_4095_x17570_y12460,7,CLA
862,17781_4710_x13766_y10574,9,SSs
1038,17781_4874_x11466_y11924,10,SSp-bfd
862,17781_5166_x11993_y10858,9,SSs
672,17781_5361_x17741_y11849,7,SSs
1058,17781_5548_x15772_y8872,8,VISC
862,17781_5655_x10641_y11102,9,SSs
156,17781_5894_x11460_y10079,9,AUDp
1090,17781_6028_x9772_y42888,9,SSs
1090,17781_6202_x7633_y12296,9,SSp-bfd
847,17781_6228_x12697_y8412,9,AUDp
1070,17781_6262_x6896_y13574,10,SSp-bfd
252,17781_6270_x9494_y43380,9,AUDd
252,17781_6287_x8230_y11645,9,SSs
289,17781_6325_x14423_y8278,8,TEa
940,17781_6355_x6443_y33777,5,CA1
780,17781_6626_x22318_y13682,6,PA
663,17781_6627_x22762_y14486,9,COAp
780,17781_6643_x22317_y12822,6,PA
382,17781_6802_x8324_y14113,9,CA1
249,17781_6866_x8954_y41812,9,VISl
780,17781_6881_x22248_y12698,6,TR
1037,17781_7132_x8998_y15272,8,POST
502,17781_7281_x18241_y11406,8,SUB
783,17782_00001,9,CLA
1101,17782_00002,9,CLA
783,17782_00003,9,CLA
648,17782_00004,9,CLA
638,17782_00005,8,CLA
783,17782_00006,9,CLA
783,17782_3138_x32805_y18352,9,AId
1101,17782_3253_x33739_y18314,9,AId
844,17782_3284_x11909_y16428,9,MOp
844,17782_3352_x11384_y16404,9,MOp
783,17782_3487_x11014_y17041,9,AId
638,17782_3651_x35286_y18512,8,GU
783,17782_3672_x34784_y19432,9,AId
862,17787_00007,9,CP
672,17787_00013,7,CP
672,17787_00014,7,CP
1102,17787_00019,10,CP
857,17787_00026,8,CP
314,17787_00029,9,CP
672,17787_00048,7,CP
579,17787_00049,6,CP
672,17787_00050,7,CP
1106,17787_4521_x5172_y12873,8,SSs
41,17787_7070_x12739_y1410,9,VISpm
950,17788_3709_x6000_y8213,10,SSp-m
1035,17788_4719_x3512_y9492,9,SSs
430,17788_5767_x16636_y3662,9,RSPv
767,18047_00003,9,MOp
484682520,18047_00022,5,fiber tracts
772,18047_00025,9,ACAv
579,18047_00039,6,CA1
620,18047_00047,9,ORBm
363,18047_2443_x16061_y14812,8,ORBm
767,18047_2622_x11862_y12983,9,MOs
648,18047_3132_x24052_y12385,9,MOs
767,18047_4141_x14168_y9063,9,MOs
772,18047_4458_x18853_y10785,9,ACAv
484682520,18047_5719_x25513_y7957,5,fiber tracts
28,18047_7769_x31046_y13195,10,ENTl
767,182725_2241_x9113_y11193,9,MOs
767,182725_2376_x10033_y10786,9,MOp
1021,182725_2390_x8944_y12077,9,MOs
1101,182725_2581_x9375_y21137,9,AIv
1101,182725_2917_x9391_y22263,9,AId
328,182725_3680_x13452_y7614,9,GU
844,182725_3762_x5563_y19178,9,MOp
844,182725_4080_x6576_y11407,9,MOp
484682512,182725_4160_x5717_y19181,3,MOp
484682516,182725_4290_x5671_y18488,5,MOp
882,182725_4390_x5078_y18459,9,SSp-ll
478,182725_5012_x5980_y10427,10,SSp-ll
778,182725_6819_x6109_y7853,9,VISp
312782598,182725_7341_x4593_y22594,9,VISli
754,18452_3926_x14445_y21337,7,OT
579,18452_4002_x10332_y17479,6,unknown
754,18452_4126_x15225_y20986,7,OT
754,18452_4272_x26686_y20064,7,OT
788,18452_4536_x11274_y21067,7,OT
670,18452_5511_x26566_y3403,10,SSp-tr
593,18452_7249_x11408_y2071,9,VISp
656,18453_1641_x24165_y10580,9,MOs
656,18453_1643_x24077_y11694,9,MOs
698,18453_1674_x14446_y9719,6,FRP
656,18453_1924_x22284_y8069,9,MOs
962,18453_2190_x23739_y8507,9,MOs
962,18453_2400_x15836_y7243,9,MOs
962,18453_2428_x13810_y8197,9,MOs
962,18453_2632_x11687_y8383,9,MOs
943,18453_2645_x28684_y11703,9,MOp
943,18453_2713_x27713_y9899,9,MOp
962,18453_2884_x12998_y7285,9,MOs
962,18453_2991_x13607_y7348,9,MOs
943,18453_3021_x27493_y8943,9,MOp
754,18453_3147_x16721_y20510,7,OT
943,18453_3186_x12745_y7108,9,MOp
754,18453_3218_x16785_y20581,7,OT
754,18453_3225_x17398_y19713,7,OT
950,18453_3316_x8214_y11076,10,SSp-m
950,18453_3326_x29413_y10076,10,SSp-m
950,18453_3350_x8925_y9653,10,SSp-m
943,18453_3456_x24161_y6646,9,MOp
854,18453_3471_x28224_y8289,10,SSp-ul
657,18453_3492_x29357_y9198,10,SSp-m
962,18453_3516_x21006_y6048,9,MOs
657,18453_3564_x30226_y9677,10,SSp-m
657,18453_3579_x30397_y10103,10,SSp-m
950,18453_3678_x8938_y8684,10,SSp-m
950,18453_3690_x8282_y9898,10,SSp-m
854,18453_3704_x10450_y7387,10,SSp-m
754,18453_3766_x16118_y20931,7,OT
943,18453_3767_x22604_y5643,9,MOp
943,18453_3795_x13584_y5960,9,MOp
754,18453_3796_x16246_y20830,7,OT
754,18453_3810_x16082_y20891,7,OT
950,18453_3841_x9500_y7920,10,SSp-m
935,18453_3848_x19057_y7025,9,ACAv
754,18453_3935_x22928_y21885,7,OT
854,18453_3945_x11262_y6434,10,SSp-ul
943,18453_4067_x16924_y5288,9,MOp
889,18453_4186_x30783_y11697,10,SSs
943,18453_4221_x16935_y5165,9,MOp
838,18453_4231_x30739_y8470,10,SSp-n
862,18453_4283_x7543_y12923,9,VISC
672,18453_4283_x7739_y13735,7,AIp
854,18453_4345_x12044_y5189,10,SSp-ul
838,18453_4386_x31552_y9254,10,SSp-n
201,18453_4403_x30609_y7732,10,SSp-bfd
1047,18453_4496_x31014_y8304,10,SSp-n
1047,18453_4497_x29287_y7176,10,SSp-bfd
873,18453_4540_x32498_y9442,9,SSp-n
806,18453_4693_x33039_y11636,9,SSs
1030,18453_4711_x14090_y3943,10,SSp-ll
201,18453_4725_x30684_y6703,10,SSp-bfd
1047,18453_4749_x31789_y8895,10,SSp-n
1047,18453_4899_x10111_y5917,10,SSp-bfd
1035,18453_5033_x32118_y8975,9,SSs
1047,18453_5113_x9557_y5782,10,SSp-bfd
201,18453_5228_x9833_y5221,10,SSp-bfd
1047,18453_5308_x10321_y5166,10,SSp-bfd
1066,18453_5317_x24548_y3717,9,VISam
1058,18453_5318_x33682_y14092,8,VISC
806,18453_5325_x32314_y8395,9,SSs
965,18453_5343_x23330_y3366,9,RSPagl
862,18453_5436_x32746_y12751,9,SSs
1047,18453_5459_x9646_y5477,10,SSp-bfd
312782608,18453_5535_x29214_y5045,9,SSp-bfd
520,18453_5578_x32997_y13060,9,AUDv
281,18453_5667_x25695_y3103,9,VISam
251,18453_5701_x28505_y4297,9,VISrl
905,18453_5766_x31719_y6139,9,SSs
430,18453_5841_x19468_y3419,9,RSPv
520,18453_5862_x33046_y12305,9,AUDv
805,18453_5941_x24629_y3152,9,VISam
805,18453_5995_x24812_y3143,9,VISam
805,18453_6040_x24821_y3042,9,VISam
806,18453_6053_x8032_y5933,9,SSs
312782608,18453_6181_x10238_y3690,9,VISrl
251,18453_6229_x34471_y10482,9,AUDv
593,18453_6316_x30559_y4743,9,VISrl
821,18453_6477_x30376_y5078,9,VISp
905,18453_6479_x9010_y4330,9,VISal
1127,18453_6500_x34303_y12884,8,TEa
905,18453_6537_x8725_y4484,9,VISal
821,18453_6561_x9442_y3817,9,VISrl
687,18453_6576_x22528_y4353,9,RSPv
905,18453_6604_x9161_y4006,9,VISrl
593,18453_6675_x10576_y3102,9,VISp
905,18453_6675_x8876_y4461,9,VISal
847,18453_6708_x6437_y7833,9,AUDp
973,18453_6746_x8555_y4741,9,VISl
821,18453_6748_x28152_y3578,9,VISp
312782608,18453_6756_x7677_y5336,9,VISrl
821,18453_6846_x11548_y2831,9,VISp
721,18453_7007_x11486_y3611,9,VISp
973,18453_7010_x8769_y4509,9,VISp
421,18453_7024_x9012_y4138,9,VISp
973,18453_7112_x9089_y4667,9,VISp
821,18453_7132_x11495_y3152,9,VISp
312782640,18453_7132_x31679_y7308,9,VISli
973,18453_7146_x8788_y4552,9,VISp
821,18453_7188_x11060_y3637,9,VISp
593,18453_7223_x30215_y5120,9,VISp
821,18453_7245_x12979_y2864,9,VISp
721,18453_7304_x11719_y3749,9,VISp
1127,18453_7309_x5442_y9199,8,TEa
526,18453_7455_x32866_y9412,10,VISpor
526,18453_7692_x10145_y15241,10,ENTm
20,18453_7813_x5799_y12199,10,ENTl
672,18454_00002,7,CP
484682512,18454_00003,3,CP
484682516,18454_00004,5,CP
882,18454_00009,9,CP
484682516,18454_00010,5,CP
484682512,18454_00011,3,CP
2,18454_00014,10,CP
672,18454_00015,7,CP
672,18454_00016,7,CP
484682512,18454_00017,3,CP
672,18454_00018,7,CP
672,18454_00020,7,CP
672,18454_00021,7,CP
672,18454_00022,7,CP
484682516,18454_00024,5,CP
672,18454_00027,7,CP
956,18454_00028,5,CP
844,18454_00029,9,CP
672,18454_00039,7,CP
733,18454_00046,9,VPM
733,18454_00048,9,VPM
672,18454_00049,7,CP
15,18454_00050,8,MD
629,18454_00051,8,VAL
733,18454_00052,9,VPM
15,18454_00053,8,MD
366,18454_00054,8,SMT
549,18454_00055,5,RE
189,18454_00056,8,RE
366,18454_00057,8,RE
366,18454_00058,8,RE
496345668,18454_00059,9,LGd
484682520,18454_00060,5,VPM
496345668,18454_00061,9,VPM
1079,18454_00062,9,VPM
1088,18454_00063,9,MG
733,18454_00064,9,VPM
1020,18454_00065,8,PO
733,18454_00066,9,VPM
484682524,18454_00067,5,VPM
718,18454_00068,9,VPL
1079,18454_00069,9,MG
733,18454_00070,9,VPM
733,18454_00071,9,VPM
733,18454_00072,9,VPM
733,18454_00073,9,VPLpc
362,18454_00074,8,MD
1020,18454_00075,8,VAL
672,18454_00093,7,CP
599,18454_00095,8,CM
15,18454_00096,8,MD
599,18454_00097,8,CM
1113,18454_00098,8,IAD
549,18454_00099,5,AM
366,18454_00100,8,SMT
366,18454_00101,8,SMT
733,18454_00105,9,VPM
718,18454_00106,9,VPL
718,18454_00107,9,VPM
718,18454_00109,9,VPL
672,18454_00111,7,CP
496345668,18454_00126,9,LP
733,18454_00127,9,VPM
733,18454_00128,9,VPM
496345668,18454_00129,9,LGd
362,18454_00130,8,MD
733,18454_00131,9,VPM
725,18454_00132,9,VPMpc
733,18454_00133,9,VPM
733,18454_00134,9,VPM
733,18454_00135,9,VPM
733,18454_00136,9,VPM
733,18454_00137,9,VPM
733,18454_00138,9,VPM
733,18454_00139,9,VPM
733,18454_00140,9,VPL
718,18454_00141,9,VPL
718,18454_00142,9,VPL
697,18454_00143,6,VPL
313,18454_00144,4,VPL
718,18454_00145,9,VPL
718,18454_00146,9,VPM
797,18454_00147,7,VPL
262,18454_00148,7,VPL
1088,18454_00149,9,MG
1079,18454_00150,9,MG
1088,18454_00151,9,MG
797,18454_00152,7,VPM
733,18454_00153,9,VPM
733,18454_00154,9,VPM
733,18454_00155,9,VPM
549,18454_00156,5,VPL
718,18454_00157,9,VPL
718,18454_00158,9,VPL
797,18454_00159,7,VPL
685,18454_00160,8,VPM
685,18454_00161,8,VPM
718,18454_00162,9,VPM
262,18454_00163,7,VPL
718,18454_00164,9,VPL
718,18454_00165,9,VPL
6,18454_00166,5,VPL
6,18454_00167,5,VPL
6,18454_00168,5,VPL
1031,18454_00169,7,VPL
997,18454_00170,1,MG
66,18454_00171,6,MG
672,18454_00174,7,CP
366,18454_00176,8,SMT
366,18454_00177,8,SMT
1009,18454_01000,2,VPL
733,18454_01001,9,VPM
733,18454_01004,9,VPM
733,18454_01005,9,VPM
262,18454_01006,7,RT
262,18454_01007,7,VPL
733,18454_01009,9,VPM
733,18454_01010,9,VPM
733,18454_01011,9,VPM
733,18454_01012,9,VPM
733,18454_01013,9,VPM
733,18454_01014,9,VPM
733,18454_01015,9,VPM
733,18454_01018,9,VPM
463,18454_01021,9,LGd
496345668,18454_01022,9,RT
1009,18454_01023,2,VPL
496345668,18454_01027,9,VPM
262,18454_01030,7,VPL
262,18454_01031,7,VPL
262,18454_01032,7,VPL
262,18454_01033,7,VPL
178,18454_01034,8,VPL
178,18454_01035,8,VPL
262,18454_01038,7,VPL
484682520,18454_01039,5,VPM
262,18454_01040,7,VPL
484682520,18454_01041,5,VPM
733,18454_01042,9,VPM
733,18454_01043,9,VPM
733,18454_01044,9,VPM
262,18454_01045,7,VPL
733,18454_01047,9,VPM
733,18454_01048,9,VPM
733,18454_01049,9,VPM
496345668,18454_01050,9,LGd
484682520,18454_01051,5,VPM
733,18454_01052,9,VPM
733,18454_01053,9,VPM
733,18454_01054,9,VPM
1092,18454_01055,5,VPM
733,18454_01056,9,VPM
733,18454_01059,9,VPM
733,18454_01060,9,VPM
733,18454_01061,9,VPM
733,18454_01062,9,VPM
733,18454_01063,9,VPM
733,18454_01064,9,VPM
733,18454_01066,9,VPM
733,18454_01067,9,VPM
733,18454_01069,9,VPL
733,18454_01073,9,VPM
733,18454_01074,9,VPM
672,18454_01078,7,CP
733,18454_01080,9,VPM
733,18454_01081,9,VPM
733,18454_01082,9,VPM
733,18454_01085,9,VPM
733,18454_01086,9,VPM
733,18454_01089,9,VPM
733,18454_01090,9,VPM
262,18454_01091,7,VPL
733,18454_01092,9,VPM
733,18454_01093,9,VPM
733,18454_01095,9,VPM
733,18454_01096,9,VPM
733,18454_01097,9,VPM
733,18454_01098,9,VPM
733,18454_01100,9,VPM
733,18454_01101,9,VPM
733,18454_01103,9,VPM
733,18454_01104,9,VPM
733,18454_01105,9,VPM
733,18454_01106,9,VPM
733,18454_01107,9,VPM
718,18454_01108,9,VPM
718,18454_01109,9,VPL
718,18454_01110,9,VPL
718,18454_01111,9,VPL
733,18454_01112,9,VPL
718,18454_01113,9,VPM
718,18454_01114,9,VPL
718,18454_01115,9,VPM
718,18454_01116,9,VPL
718,18454_01117,9,VPL
718,18454_01118,9,VPL
733,18454_01119,9,VPM
718,18454_01120,9,VPL
718,18454_01121,9,VPL
718,18454_01122,9,VPM
718,18454_01123,9,VPL
1092,18454_01124,5,VPL
733,18454_01125,9,VPM
733,18454_01126,9,VPM
718,18454_01127,9,LGd
718,18454_01130,9,VPL
549,18454_01131,5,RE
797,18454_01132,7,VPM
797,18454_01133,7,VPL
797,18454_01134,7,VPL
672,18455_00002,7,CP
672,18455_00004,7,CP
672,18455_00005,7,CP
672,18455_00007,7,CP
672,18455_00008,7,CP
672,18455_00009,7,CP
672,18455_00012,7,CP
672,18455_00013,7,CP
672,18455_00014,7,CP
718,18455_00015,9,VPM
672,18455_00016,7,CP
496345668,18455_00017,9,LGd
496345668,18455_00018,9,LGd
262,18455_00019,7,VPL
733,18455_00020,9,VPM
733,18455_00021,9,VPM
1020,18455_00022,8,VPM
155,18455_00023,8,PO
484682512,18455_00026,3,CP
672,18455_00028,7,CP
672,18455_00030,7,CP
672,18455_00031,7,CP
672,18455_00032,7,CP
484682516,18455_00033,5,CP
672,18455_00036,7,CP
672,18455_00037,7,CP
672,18455_00040,7,CP
672,18455_00041,7,CP
496345668,18455_00042,9,LGd
463,18455_00043,9,LGd
496345664,18455_00044,9,LGd
496345664,18455_00045,9,LGd
463,18455_00046,9,LGd
484682520,18455_00047,5,VPM
549,18455_00048,5,VPM
262,18455_00049,7,VPM
549,18455_00050,5,MG
672,18455_00106,7,CP
672,18455_00110,7,CP
672,18455_00119,7,CP
733,18455_00120,9,VPL
718,18455_00121,9,VPM
733,18455_00122,9,VPM
1020,18455_00123,8,PO
733,18455_00124,9,PO
718,18455_00125,9,VPL
149,18455_00126,8,PVT
15,18455_00127,8,CM
366,18455_00132,8,SMT
189,18455_00133,8,SMT
189,18455_00134,8,RE
672,18455_00135,7,CP
733,18455_00136,9,VPM
733,18455_00137,9,VPL
733,18455_00138,9,VPM
733,18455_00139,9,VPM
733,18455_00140,9,VPM
718,18455_00141,9,VPM
733,18455_00142,9,VPM
733,18455_00143,9,VPM
733,18455_00144,9,VPM
733,18455_00145,9,VPM
733,18455_00146,9,VPM
733,18455_00147,9,VPM
733,18455_00148,9,VPM
733,18455_00149,9,VPM
733,18455_00150,9,VPM
733,18455_00151,9,VPM
718,18455_00152,9,VPL
718,18455_00153,9,VPL
733,18455_00154,9,VPM
733,18455_00155,9,VPM
1020,18455_00156,8,VPM
1020,18455_00157,8,VPM
1020,18455_00158,8,VPMpc
733,18455_00159,9,VPM
362,18455_00163,8,MD
15,18455_00164,8,IAD
15,18455_00165,8,MD
1096,18455_00166,9,AM
733,18455_00167,9,VPM
672,18455_00172,7,CP
672,18455_00180,7,CP
672,18455_00181,7,CP
672,18455_00182,7,CP
1020,18455_00199,8,VPM
733,18455_00200,9,VPM
733,18455_00201,9,VPM
718,18455_00202,9,VPM
733,18455_00203,9,VPM
1092,18455_00204,5,VPM
1092,18455_00205,5,VPL
733,18455_00206,9,VPL
733,18455_00207,9,VPM
733,18455_00208,9,VPM
733,18455_00209,9,VPM
718,18455_00210,9,VPL
672,18455_00220,7,CP
672,18455_00224,7,CP
672,18455_00240,7,CP
733,18455_00252,9,VPM
733,18455_00253,9,VPM
733,18455_00254,9,VPM
733,18455_00255,9,VPM
733,18455_00256,9,VPM
733,18455_00257,9,VPM
733,18455_00258,9,VPM
733,18455_00259,9,VPM
1092,18455_00260,5,VPM
733,18455_00261,9,VPM
733,18455_00262,9,VPL
733,18455_00263,9,VPM
733,18455_00264,9,VPM
672,18455_3718_x10944_y12140,7,CP
672,18455_4619_x10185_y12182,7,CP
1113,18455_4709_x21225_y13716,8,IAD
15,18455_4844_x20256_y14088,8,unknown
1096,18455_4982_x21552_y14337,9,AM
189,18455_5196_x19752_y14652,8,RH
718,18455_5246_x26804_y12456,9,VPM
189,18455_5250_x19362_y14728,8,SMT
718,18455_5252_x26762_y12479,9,VPM
733,18455_5253_x25617_y13881,9,VPM
733,18455_5316_x26308_y13288,9,VPM
1020,18455_5386_x25400_y12840,8,VPM
733,18455_5404_x24949_y14106,9,VPM
718,18455_5472_x13482_y11733,9,VPM
733,18455_5474_x14981_y13279,9,VPM
733,18455_5507_x14812_y14221,9,VPM
1020,18455_5517_x15391_y12702,8,PO
733,18455_5542_x25478_y13256,9,VPM
733,18455_5600_x15840_y13940,9,VPM
733,18455_5632_x14519_y14028,9,VPM
733,18455_5693_x15213_y13902,9,VPM
1020,18455_5730_x15780_y13638,8,VPLpc
733,18455_5898_x14920_y13352,9,VPLpc
1020,18455_6001_x15897_y13277,8,VPLpc
484682516,18457_00001,5,CP
484682516,18457_00002,5,CP
672,18457_00003,7,CP
488,18457_00004,9,CP
956,18457_00005,5,CP
672,18457_00006,7,CP
672,18457_00007,7,CP
672,18457_00008,7,CP
178,18457_00009,8,RT
262,18457_00010,7,VPL
262,18457_00012,7,VPL
1092,18457_00013,5,VPM
672,18457_00014,7,CP
672,18457_00015,7,CP
178,18457_00017,8,VPM
484682520,18457_00018,5,VPM
549,18457_00019,5,VPM
733,18457_00023,9,VPM
484682524,18457_00024,5,VPL
549,18457_00025,5,VPM
484682520,18457_00026,5,VPM
733,18457_00027,9,VPM
733,18457_00028,9,VPM
733,18457_00029,9,VPM
672,18457_00030,7,CP
672,18457_00031,7,CP
1108,18457_00032,5,CP
1108,18457_00033,5,CP
956,18457_00034,5,CP
630,18457_00035,9,CP
440,18457_00036,9,CP
672,18457_00037,7,CP
672,18457_00038,7,CP
672,18457_00039,7,CP
672,18457_00040,7,CP
672,18457_00041,7,CP
672,18457_00043,7,CP
672,18457_00044,7,CP
733,18457_00045,9,VPM
733,18457_00046,9,VPM
733,18457_00047,9,VPM
1092,18457_00048,5,VPM
1020,18457_00049,8,VPM
733,18457_00051,9,VPM
733,18457_00052,9,VPM
733,18457_00053,9,VPM
733,18457_00054,9,VPM
733,18457_00055,9,VPM
733,18457_00056,9,VPM
733,18457_00057,9,VPM
733,18457_00058,9,VPM
733,18457_00059,9,VPM
733,18457_00061,9,VPM
733,18457_00062,9,VPM
733,18457_00063,9,VPM
733,18457_00064,9,VPM
733,18457_00065,9,VPL
733,18457_00066,9,VPM
733,18457_00068,9,VPM
733,18457_00069,9,VPL
733,18457_00072,9,VPL
733,18457_00073,9,VPL
549,18457_00074,5,MG
549,18457_00075,5,MG
672,18457_00076,7,CP
672,18457_00077,7,CP
672,18457_00078,7,CP
672,18457_00079,7,CP
672,18457_00080,7,CP
159,18457_00081,7,AON
672,18457_00082,7,CP
262,18457_00083,7,VPM
6,18457_00087,5,CP
733,18457_00088,9,VPM
718,18457_00089,9,VPL
733,18457_00090,9,VPM
733,18457_00091,9,VPM
718,18457_00095,9,VPM
718,18457_00096,9,VPM
718,18457_00097,9,VPL
733,18457_00098,9,VPM
718,18457_00099,9,VPL
733,18457_00101,9,VPM
6,18457_00102,5,VPL
672,18457_00103,7,CP
672,18457_00106,7,CP
698,18457_00108,6,CP
629,18457_00110,8,VM
685,18457_00111,8,VM
685,18457_00112,8,VM
672,18457_00113,7,CP
672,18457_00114,7,CP
56,18457_00115,7,ACB
342,18457_00116,7,SI
262,18457_00117,7,VPL
718,18457_00118,9,VPL
718,18457_00119,9,VPM
262,18457_00120,7,VPL
262,18457_00121,7,VPL
262,18457_00122,7,VPL
262,18457_00123,7,VPL
262,18457_00125,7,VPL
718,18457_00126,9,VPL
563807439,18457_00127,8,MG
733,18457_00128,9,VPM
733,18457_00129,9,VPM
698,18457_00133,6,ACB
629,18457_00135,8,SMT
685,18457_00136,8,VM
672,18457_00139,7,CP
672,18457_00140,7,CP
583,18457_00141,6,CP
672,18457_00142,7,CP
733,18457_00143,9,VPM
733,18457_00144,9,VPM
733,18457_00145,9,VPM
733,18457_00146,9,VPM
733,18457_00148,9,VPM
733,18457_00150,9,VPM
733,18457_00152,9,VPM
733,18457_00159,9,VPM
718,18457_00162,9,VPM
718,18457_00163,9,VPL
718,18457_00164,9,VPL
56,18457_00170,7,ACB
754,18457_00184,7,OT
725,18457_00188,9,VM
733,18457_00190,9,VPM
733,18457_00194,9,VPL
718,18457_00197,9,VPL
718,18457_00199,9,VPL
718,18457_00202,9,VPL
262,18457_00203,7,VPL
733,18457_00204,9,VPM
718,18457_00205,9,VPL
1092,18457_00206,5,VPL
362,18457_00209,8,MD
496345664,18458_00049,9,LGd
496345664,18458_00050,9,LGd
997,18458_00051,1,LGd
997,18458_00053,1,LGd
466,18458_00056,6,LGd
1009,18458_00057,2,LGd
496345664,18458_00069,9,LGd
155,18458_00075,8,LD
155,18458_00077,8,LD
1009,18458_00083,2,LP
496345672,18458_00086,9,LGd
496345664,18458_00101,9,LGd
1009,18458_00102,2,LGd
718,18458_00114,9,VPL
733,18458_00119,9,VPM
1020,18458_00121,8,VPM
733,18458_00122,9,VPM
733,18458_00125,9,VPM
155,18458_00148,8,LP
155,18458_00150,8,LP
718,18458_00185,9,PO
496345668,18458_00236,9,LGd
218,18458_00239,8,LGd
496345668,18458_00241,9,LGd
496345668,18458_00242,9,LGd
496345668,18458_00244,9,LGd
496345664,18458_00249,9,LGd
496345664,18458_00250,9,LGd
496345664,18458_00264,9,LGd
496345664,18458_00267,9,LGd
733,18458_00268,9,VPM
733,18458_00269,9,VPM
733,18458_00273,9,VPM
733,18458_00277,9,VPM
733,18458_00280,9,VPM
733,18458_00281,9,VPM
916,18458_00302,5,IGL
733,18458_00306,9,VPM
672,18458_00351,7,CP
672,18458_00353,7,CP
685,18458_00374,8,VM
1104,18458_00375,9,AM
549,18458_00376,5,AM
672,18458_00386,7,CP
718,18458_00419,9,VPL
733,18458_00424,9,VPM
1020,18458_00430,8,VPM
718,18458_00437,9,VPL
733,18458_00443,9,VPM
733,18458_00444,9,VPM
733,18458_00445,9,VPM
549,18458_00450,5,MG
733,18458_00456,9,VPL
1079,18458_00458,9,MG
549,18458_00459,5,MG
1020,18458_00460,8,VPM
733,18458_00461,9,VPL
907,18458_00468,8,VM
672,18458_00488,7,CP
6,18458_00496,5,VPL
900,18458_00500,5,ACB
754,18458_00502,7,OT
797,18458_00505,7,VM
733,18458_00540,9,VPM
733,18458_00541,9,VPM
733,18458_00542,9,VPM
733,18458_00547,9,VPM
733,18458_00548,9,VPM
733,18458_00549,9,VPM
733,18458_00551,9,VPM
718,18458_00555,9,VPL
733,18458_00561,9,VPM
718,18458_00562,9,VPM
718,18458_00564,9,VPL
718,18458_00565,9,VPL
718,18458_00567,9,VPM
797,18458_00574,7,MG
733,18458_00575,9,VPM
718,18458_00577,9,VPL
718,18458_00578,9,VPL
718,18458_00580,9,VPM
262,18458_00583,7,VPM
262,18458_00584,7,VPM
685,18458_00585,8,VM
797,18458_00586,7,VPL
218,18458_00612,8,LP
155,18458_00613,8,LP
218,18458_00614,8,LP
218,18458_00615,8,LD
366,18458_00616,8,SMT
656,18461_2985_x10744_y3095,9,MOs
694,18461_3220_x7596_y9465,9,AIv
943,18461_3871_x7813_y3857,9,MOp
943,18461_4178_x16825_y2713,9,MOp
943,18461_4233_x19011_y2874,9,SSp-ul
950,18461_4388_x5599_y5781,10,SSp-n
806,18461_4410_x23856_y6531,9,SSs
657,18461_4545_x5749_y4914,10,SSp-n
943,18461_4862_x17603_y2198,9,SSp-ll
981,18461_5025_x23630_y4542,10,SSp-bfd
312782554,18461_6043_x11080_y1667,9,VISa
312782612,18461_7132_x6338_y3287,9,VISrl
672,18462_00005,7,CP
672,18462_00007,7,CP
484682512,18462_00009,3,CP
733,18462_00013,9,VPM
733,18462_00014,9,VPM
733,18462_00015,9,VPM
733,18462_00016,9,VPM
1020,18462_00017,8,VPM
733,18462_00018,9,VPM
1020,18462_00019,8,VPM
1020,18462_00020,8,VPM
733,18462_00021,9,VPM
733,18462_00022,9,VPM
560581551,18462_00023,8,MG
916,18462_00024,5,LGd
218,18462_00025,8,MG
1029,18462_00026,8,MG
262,18462_00027,7,VPL
733,18462_00028,9,VPM
725,18462_00029,9,VPL
725,18462_00030,9,VPM
741,18462_00031,9,VPM
741,18462_00032,9,VPM
672,18462_00035,7,CP
672,18462_00038,7,CP
733,18462_00040,9,VPM
733,18462_00041,9,VPM
733,18462_00042,9,VPM
672,18462_00043,7,CP
733,18462_00044,9,VPM
733,18462_00045,9,VPM
1108,18462_00048,5,CP
1108,18462_00049,5,CP
672,18462_00050,7,CP
733,18462_00051,9,VPM
733,18462_00052,9,VPM
718,18462_00053,9,VPL
1009,18462_00054,2,LGd
1020,18462_00055,8,VPM
325,18462_00056,8,VPM
733,18462_00057,9,VPM
484682524,18462_00058,5,VPM
484682524,18462_00059,5,VPM
1029,18462_00060,8,VPM
1088,18462_00061,9,VPM
797,18462_00062,7,VPM
797,18462_00063,7,VPL
496345668,18463_00001,9,LGd
733,18463_00002,9,VPM
733,18463_00003,9,VPM
484682516,18463_00004,5,CP
672,18463_00005,7,CP
672,18463_00007,7,CP
484682516,18463_00010,5,CP
672,18463_00011,7,CP
733,18463_00012,9,VPM
496345668,18463_00015,9,LGd
496345672,18463_00016,9,LGd
496345668,18463_00018,9,LGd
672,18463_00019,7,CP
672,18463_00020,7,CP
672,18463_00021,7,CP
672,18463_00024,7,CP
1020,18463_00027,8,VPM
1020,18463_00028,8,VPM
1020,18463_00029,8,VPM
1020,18463_00031,8,VPM
1088,18463_00032,9,MG
718,18463_00034,9,VPL
733,18463_00036,9,VPM
1020,18463_00037,8,VPM
1020,18463_00038,8,VPM
733,18463_00039,9,VPM
1020,18463_00040,8,VPM
733,18463_00041,9,VPM
181,18463_00042,8,RE
733,18463_00045,9,VPM
690,18463_00046,6,SMT
685,18463_00047,8,SMT
893,18463_00051,9,CP
549,18463_00052,5,VPM
733,18463_00054,9,VPM
1020,18463_00055,8,VPM
155,18463_00056,8,VPL
496345668,18463_00057,9,LGd
549,18463_00058,5,VPM
325,18463_00061,8,MG
563807435,18463_00062,8,MG
733,18463_00066,9,VPM
733,18463_00067,9,VPM
733,18463_00068,9,VPM
733,18463_00069,9,VPM
733,18463_00071,9,VPL
549,18463_00072,5,MG
797,18463_00073,7,VPL
672,18463_00074,7,CP
672,18463_00075,7,CP
672,18464_00004,7,CP
672,18464_00009,7,CP
672,18464_00010,7,CP
672,18464_00016,7,CP
1072,18464_00029,9,MG
218,18464_00031,8,LGd
733,18464_00042,9,VPM
733,18464_00044,9,VPM
733,18464_00045,9,VPM
733,18464_00046,9,VPM
733,18464_00047,9,VPM
733,18464_00048,9,VPM
733,18464_00049,9,VPM
733,18464_00052,9,VPM
672,18464_00061,7,CP
218,18464_00071,8,LP
155,18464_00072,8,LP
1020,18464_00074,8,VPM
733,18464_00075,9,VPM
733,18464_00076,9,VPM
1079,18464_00079,9,MG
1079,18464_00080,9,MG
672,18464_00081,7,CP
672,18464_00082,7,CP
672,18464_00085,7,CP
672,18464_00086,7,CP
672,18464_00088,7,CP
672,18464_00108,7,CP
342,18464_00112,7,SI
733,18464_00119,9,VPM
718,18464_00122,9,VPL
733,18464_00124,9,VPM
733,18464_00127,9,VPM
733,18464_00128,9,VPM
733,18464_00129,9,VPM
725,18464_00132,9,VPLpc
718,18464_00133,9,VPL
685,18464_00139,8,VM
672,18464_00141,7,CP
733,18464_00143,9,VPM
672,18464_00153,7,CP
56,18464_00155,7,CP
672,18464_00163,7,CP
672,18464_00169,7,CP
733,18464_00183,9,VPM
733,18464_00184,9,VPL
10703,18464_00191,9,MG
218,18464_00192,8,LP
916,18464_00193,5,MG
997,18464_00194,1,MG
218,18464_00196,8,LP
155,18464_00197,8,LP
218,18464_00198,8,LP
484682516,18465_00001,5,CP
672,18465_00003,7,CP
672,18465_00005,7,CP
672,18465_00006,7,CP
672,18465_00007,7,CP
672,18465_00008,7,CP
672,18465_00009,7,CP
672,18465_00011,7,CP
672,18465_00015,7,CP
672,18465_00017,7,CP
672,18465_00018,7,CP
672,18465_00028,7,CP
672,18465_00029,7,CP
484682516,18465_00030,5,CP
672,18465_00031,7,CP
1108,18465_00032,5,CP
1108,18465_00033,5,CP
672,18465_00034,7,CP
672,18465_00035,7,CP
672,18465_00036,7,CP
672,18465_00037,7,CP
672,18465_00039,7,CP
672,18465_00040,7,CP
672,18465_00041,7,CP
672,18465_00044,7,CP
672,18465_00045,7,CP
672,18465_00046,7,CP
718,18465_00047,9,CP
718,18465_00048,9,PO
672,18465_00050,7,CP
382,18465_00052,9,CA1
382,18465_00053,9,CA1
463,18465_00054,9,CA1
496345668,18465_00056,9,LGd
496345668,18465_00057,9,LGd
155,18465_00070,8,LGd
733,18465_00078,9,VPM
733,18465_00079,9,VPM
155,18465_00080,8,VPM
733,18465_00081,9,VPM
733,18465_00082,9,VPM
733,18465_00083,9,VPM
484682520,18465_00084,5,VPM
155,18465_00089,8,VPM
733,18465_00090,9,VPM
733,18465_00091,9,VPM
155,18465_00092,8,VPM
733,18465_00106,9,VPL
496345668,18465_00109,9,LGd
496345668,18465_00110,9,LGd
496345664,18465_00111,9,LGd
496345664,18465_00112,9,LGd
496345668,18465_00113,9,LGd
496345668,18465_00114,9,LGd
496345668,18465_00115,9,LGd
496345668,18465_00116,9,LGd
496345668,18465_00117,9,LGd
496345664,18465_00119,9,LGd
733,18465_00125,9,VPM
496345668,18465_00126,9,VPM
733,18465_00127,9,VPM
733,18465_00128,9,VPM
733,18465_00132,9,VPM
484682520,18465_00133,5,VPM
496345672,18465_00136,9,LGd
496345664,18465_00140,9,LGd
496345672,18465_00141,9,LGd
496345672,18465_00142,9,VPM
1072,18465_00145,9,MG
1072,18465_00146,9,MG
1009,18465_00148,2,LGd
997,18465_00152,1,MG
672,18465_00154,7,CP
672,18465_00155,7,CP
672,18465_00156,7,CP
672,18465_00157,7,CP
672,18465_00159,7,CP
672,18465_00161,7,CLA
952,18465_00168,7,CP
733,18465_00175,9,VPM
733,18465_00177,9,VPL
56,18465_00199,7,ACB
159,18465_00203,7,ACB
159,18465_00204,7,ACB
56,18465_00205,7,ACB
900,18465_00206,5,ACB
56,18465_00207,7,ACB
754,18465_00209,7,OT
342,18465_00213,7,SI
672,18465_00219,7,CP
718,18465_00226,9,VPL
733,18465_00227,9,VPM
733,18465_00228,9,VPM
484682520,18465_00229,5,VPM
733,18465_00230,9,VPM
733,18465_00233,9,VPM
733,18465_00234,9,VPM
1092,18465_00235,5,VPL
733,18465_00238,9,VPL
733,18465_00241,9,VPM
733,18465_00242,9,VPL
733,18465_00243,9,VPM
733,18465_00245,9,VM
559,18465_00246,8,CEA
10704,18465_00248,9,CA3
685,18465_00258,8,SMT
685,18465_00261,8,VPM
672,18465_00264,7,CP
579,18465_00281,6,CLA
672,18465_00282,7,CLA
672,18465_00283,7,CLA
303,18465_00285,7,BLA
733,18465_00286,9,VPM
733,18465_00287,9,VPM
733,18465_00288,9,VPM
1020,18465_00291,8,MG
733,18465_00292,9,VPM
718,18465_00294,9,VPM
563807439,18465_00300,8,MG
1079,18465_00302,9,MG
733,18465_00303,9,MG
718,18465_00304,9,VPL
1009,18465_00305,2,VPL
334,18465_00309,7,BMA
1072,18465_00312,9,MG
155,18465_00313,8,LD
672,18465_00319,7,CP
262,18465_00328,7,VPL
718,18465_00347,9,VPL
178,18465_00348,8,RT
672,18465_00349,7,CP
974,18470_3227_x19287_y16117,10,SSp-m
962,18470_3582_x22459_y29708,9,MOs
610,18470_4630_x23468_y24795,9,RSPd
962,18864_1871_x3272_y21319,9,MOs
962,18864_1917_x3417_y12763,9,MOs
656,18864_2047_x3016_y12128,9,MOs
962,18864_2086_x2903_y21496,9,MOs
962,18864_2520_x2913_y22642,9,MOs
962,18864_3015_x3194_y23588,9,MOp
656,18864_3248_x2473_y15212,9,MOs
962,18864_3338_x3396_y21865,9,MOp
962,18864_3473_x2641_y21082,9,MOp
943,18864_3488_x3691_y22599,9,MOp
656,18864_3494_x2380_y13749,9,MOp
950,18864_3772_x5344_y6871,10,SSp-m
648,18864_4067_x3464_y21495,9,MOp
962,18864_4120_x3320_y13563,9,MOp
962,18864_4157_x3358_y13741,9,MOp
962,18864_4267_x2794_y21031,9,MOs
654,18864_4380_x6371_y4940,10,SSp-n
577,18864_4420_x4377_y8261,10,SSp-ul
838,18864_4429_x7945_y3080,10,SSs
806,18864_4554_x9386_y2232,9,SSs
1035,18864_4693_x10912_y2095,9,SSs
943,18864_4760_x3070_y21249,9,MOp
806,18864_4797_x9453_y2359,9,SSs
1035,18864_5030_x9347_y31359,9,SSs
1047,18864_5099_x6368_y29941,10,SSp-bfd
1035,18864_5242_x9483_y31549,9,AUDd
806,18864_5305_x7877_y31450,9,SSs
873,18864_5444_x7352_y31475,9,SSs
821,18864_5637_x5637_y31619,9,VISp
201,18864_5648_x4839_y28849,10,SSp-bfd
1090,18864_5692_x8806_y3272,9,AUDd
251,18864_6057_x8520_y2391,9,AUDp
434,18864_6074_x3503_y13192,9,RSPd
251,18864_6104_x9372_y1806,9,AUDp
312782612,18864_6139_x4843_y27122,9,VISp
251,18864_6291_x8873_y32149,9,AUDp
201,18864_6321_x4387_y7047,10,VISp
434,18864_6384_x3409_y13059,9,RSPd
1023,18864_6581_x10729_y2199,9,TEa
251,18864_6733_x9057_y31875,9,AUDp
312782608,18864_6734_x4899_y27447,9,VISp
905,18864_6805_x6340_y4681,9,VISl
312782608,18864_6821_x5144_y6844,9,VISp
1127,18864_6956_x8154_y30811,8,VISpor
767,18867_2903_x13633_y8787,9,MOp
844,18867_3383_x10177_y11497,9,SSp-m
844,18867_3469_x10058_y10954,9,MOp
1102,18867_3525_x9958_y10743,10,SSp-m
648,18867_3758_x14594_y6944,9,MOp
1102,18867_3801_x9223_y10977,10,SSp-m
1102,18867_3807_x9130_y11820,10,SSp-m
974,18867_3832_x10338_y8748,10,SSp-m
648,18867_3855_x11412_y8044,9,SSp-m
862,18867_3926_x8710_y12751,9,SSs
1090,18867_3973_x31634_y12362,9,SSs
625,18867_3994_x27846_y7437,10,SSp-ul
974,18867_4052_x9852_y8712,10,SSp-m
974,18867_4156_x9348_y9148,10,SSp-m
625,18867_4202_x26848_y7080,10,SSp-ul
974,18867_4216_x9933_y8365,10,SSp-m
862,18867_4218_x8269_y11914,9,SSs
974,18867_4259_x9977_y8313,10,SSp-m
974,18867_4296_x31171_y9797,10,SSp-m
1102,18867_4302_x30805_y9233,10,SSp-m
974,18867_4330_x29413_y7746,10,SSp-m
974,18867_4336_x10280_y7972,10,SSp-m
1090,18867_4392_x7633_y13301,9,SSs
974,18867_4397_x8352_y9768,10,SSp-m
974,18867_4421_x31775_y9812,10,SSp-m
974,18867_4457_x7592_y10554,10,SSp-m
648,18867_4473_x25161_y6054,9,SSp-ll
625,18867_4513_x27588_y6824,10,SSp-ul
672,18867_4533_x14227_y15937,7,unknown
1022,18867_4554_x26130_y14869,7,GPe
1022,18867_4593_x26568_y15120,7,GPe
702,18867_4605_x30309_y8068,10,SSp-n
6,18867_4621_x24147_y14734,5,fiber tracts
625,18867_4647_x12409_y6656,10,SSp-ul
6,18867_4677_x24410_y14710,5,fiber tracts
625,18867_4689_x11723_y7039,10,SSp-ul
672,18867_4724_x12558_y16835,7,CP
1128,18867_4768_x26326_y6150,10,SSp-ul
625,18867_4776_x28359_y6621,10,SSp-un
1097,18867_4789_x23709_y15765,5,unknown
1090,18867_4801_x7068_y12938,9,SSs
351,18867_4817_x16327_y15739,7,BST
702,18867_4824_x31628_y8902,10,SSp-n
672,18867_4826_x11914_y16564,7,CP
625,18867_4831_x27808_y6496,10,SSp-ul
351,18867_4874_x16831_y16618,7,unknown
625,18867_4889_x28329_y6770,10,SSp-un
1070,18867_4922_x30354_y7405,10,SSp-bfd
803,18867_4926_x25796_y14504,5,fiber tracts
182305705,18867_4954_x9860_y7599,10,SSp-bfd
1070,18867_4957_x30093_y7560,10,SSp-n
702,18867_4984_x30860_y8156,10,SSp-n
803,18867_5082_x26232_y14941,5,unknown
6,18867_5083_x14145_y15212,5,fiber tracts
1128,18867_5169_x12576_y5864,10,SSp-ul
1070,18867_5194_x29530_y6807,10,SSp-bfd
1070,18867_5203_x10027_y7237,10,SSp-bfd
1070,18867_5287_x32054_y8614,10,SSp-n
113,18867_5319_x14289_y4114,10,MOp
1070,18867_5408_x30554_y7318,10,SSp-bfd
687,18867_5486_x20836_y5690,9,RSPv
590,18867_5640_x21236_y5683,9,RSPv
625,18867_5654_x12080_y5724,10,SSp-un
687,18867_5665_x20882_y6561,9,RSPv
687,18867_5867_x21009_y6208,9,RSPv
1038,18867_5894_x10157_y6463,10,SSp-bfd
1070,18867_5942_x29015_y5711,10,SSp-bfd
687,18867_6003_x18592_y6204,9,RSPv
687,18867_6007_x18415_y4843,9,RSPv
687,18867_6014_x17935_y4434,9,RSPd
687,18867_6085_x20833_y6331,9,RSPv
1070,18867_6091_x30186_y6043,10,SSp-bfd
1070,18867_6408_x9343_y6158,10,SSp-bfd
687,18867_6413_x20950_y6015,9,RSPv
194,18867_6452_x16339_y18318,7,LHA
502,18867_6468_x21532_y7741,8,SUB
821,18867_6985_x12525_y4095,9,VISp
905,18867_6986_x31479_y5932,9,VISl
778,18867_7123_x11808_y5131,9,VISp
687,18867_7172_x22280_y4802,9,RSPv
821,18867_7390_x9887_y4961,9,VISp
721,18867_7541_x13210_y4462,9,VISp
146,18867_7583_x22567_y18119,7,PRNr
778,18867_7584_x10560_y5816,9,VISp
574,18867_7790_x21511_y18480,7,TRN
146,18867_7924_x22262_y16755,7,PRNr
534,18867_8235_x25208_y14610,7,SUT
1125,18868_2225_x15897_y10006,9,ORBvl
288,18868_2559_x15436_y13207,9,ORBvl
698,18868_2584_x14386_y13639,6,ORBl
288,18868_2593_x15801_y13755,9,ORBvl
961,18868_2601_x23273_y17306,7,PIR
767,18868_2621_x11765_y8944,9,MOs
648,18868_2924_x10668_y9719,9,MOp
648,18868_3009_x28076_y11485,9,MOp
648,18868_3112_x27714_y10534,9,MOp
648,18868_3207_x27726_y9448,9,SSp-m
974,18868_3228_x28576_y10788,10,SSp-m
974,18868_3389_x28317_y9872,10,SSp-m
648,18868_3419_x27168_y8481,9,MOp
974,18868_3453_x28753_y10380,10,SSp-m
648,18868_3488_x24952_y7321,9,MOp
974,18868_3507_x7704_y10476,10,SSp-m
974,18868_3547_x28065_y9077,10,SSp-m
974,18868_3552_x28542_y9340,10,SSp-m
625,18868_3564_x27379_y8431,10,SSp-ul
648,18868_3592_x9776_y8113,9,MOp
1090,18868_3626_x29809_y12585,9,SSs
974,18868_3627_x28035_y8749,10,SSp-m
648,18868_3658_x9598_y8113,9,MOp
258,18868_3699_x17279_y16010,8,LSv
974,18868_3715_x8453_y8977,10,SSp-m
974,18868_3781_x6715_y11703,10,SSp-m
974,18868_3783_x28846_y9268,10,SSp-m
625,18868_3799_x26336_y7466,10,SSp-ul
187,18868_3799_x6462_y13405,8,GU
1102,18868_3853_x29683_y10294,10,SSp-m
625,18868_3856_x26025_y7205,10,SSp-ul
625,18868_3871_x26350_y7564,10,SSp-ul
625,18868_3875_x8707_y8341,10,SSp-m
625,18868_3922_x26631_y7518,10,SSp-ul
625,18868_3931_x26823_y7496,10,SSp-ul
1128,18868_3932_x25373_y7132,10,SSp-ll
625,18868_3977_x25824_y7160,10,SSp-ul
1090,18868_3981_x30626_y12403,9,SSs
625,18868_4041_x10632_y7193,10,SSp-ul
625,18868_4047_x27203_y7787,10,SSp-ul
648,18868_4132_x11881_y6094,9,MOp
1128,18868_4192_x10967_y7007,10,SSp-ul
1090,18868_4221_x5685_y12199,9,SSs
1128,18868_4317_x23980_y6346,10,SSp-ll
889,18868_4341_x30419_y10114,10,SSp-n
625,18868_4430_x9829_y7185,10,SSp-ul
1128,18868_4434_x10947_y6887,10,SSp-ul
1090,18868_4464_x5477_y11004,9,SSs
1090,18868_4517_x31548_y11591,9,SSs
351,18868_4523_x15124_y15767,7,BST
702,18868_4549_x5910_y9879,10,SSp-m
803,18868_4634_x13823_y16687,5,unknown
351,18868_4648_x14941_y16268,7,BST
803,18868_4693_x13797_y16937,5,unknown
351,18868_4706_x15828_y16760,7,unknown
1070,18868_4739_x28536_y7468,10,SSp-bfd
1097,18868_4757_x15158_y16995,5,unknown
702,18868_4803_x7002_y8311,10,SSp-n
194,18868_4818_x14513_y17030,7,LHA
1090,18868_4863_x31402_y10126,9,SSs
625,18868_4883_x27078_y6285,10,SSp-bfd
625,18868_4944_x7089_y8035,10,SSp-bfd
1047,18868_5131_x7596_y7239,10,SSp-bfd
1070,18868_5141_x8535_y6876,10,SSp-bfd
182305705,18868_5156_x9540_y6495,10,SSp-bfd
1111,18868_5242_x9858_y5968,10,SSp-bfd
687,18868_5369_x19532_y5532,9,RSPv
940,18868_5397_x19819_y6085,5,RSPv
1047,18868_5456_x7773_y6771,10,SSp-bfd
1047,18868_5531_x7356_y7030,10,SSp-bfd
312782558,18868_5686_x9887_y5415,9,SSp-bfd
312782562,18868_5701_x9538_y5736,9,SSp-bfd
1070,18868_5723_x7031_y7203,10,SSs
1070,18868_5724_x8616_y5999,10,SSp-bfd
687,18868_5965_x17541_y6435,9,RSPv
687,18868_5983_x17523_y5085,9,RSPv
687,18868_6000_x19811_y5444,9,RSPv
312782562,18868_6019_x9541_y5296,9,VISrl
687,18868_6196_x17668_y4955,9,RSPv
501,18868_6405_x11428_y4397,9,VISpm
821,18868_6757_x10353_y4324,9,VISp
146,18868_7311_x22238_y17329,7,PRNr
262,18869_00004,7,RT
7,18869_00020,7,PSV
803,18869_00022,5,RT
803,18869_00023,5,CP
262,18869_00024,7,CP
6,18869_00026,5,GPe
6,18869_00028,5,GPi
974,18869_3064_x20999_y7621,10,SSp-m
974,18869_3239_x6605_y6691,10,SSp-m
974,18869_3263_x6927_y6229,10,SSp-m
974,18869_3305_x6812_y6104,10,SSp-m
974,18869_3321_x21485_y7678,10,SSp-m
974,18869_3395_x6415_y6741,10,SSp-m
974,18869_3398_x6248_y7047,10,SSp-m
974,18869_3480_x6168_y6983,10,SSp-m
974,18869_3482_x7077_y5660,10,SSp-m
974,18869_3504_x6554_y5961,10,SSp-m
974,18869_3506_x6250_y6810,10,SSp-m
974,18869_3547_x21769_y7449,10,SSp-m
1090,18869_3590_x6132_y6798,9,SSp-m
974,18869_3634_x20027_y5437,10,SSp-m
1090,18869_3634_x5750_y7170,9,SSp-m
974,18869_3659_x21701_y7032,10,SSp-m
1090,18869_3701_x5589_y7633,9,SSp-m
974,18869_3701_x7703_y4993,10,SSp-m
974,18869_3741_x6284_y6163,10,SSp-m
1090,18869_3751_x5868_y6832,9,SSp-m
187,18869_3761_x5335_y8118,8,SSs
974,18869_3857_x22137_y7268,10,SSp-m
187,18869_3937_x5000_y8198,8,SSp-m
806,18869_4001_x4383_y7249,9,SSs
702,18869_4026_x21667_y6102,10,SSp-m
625,18869_4036_x8032_y4635,10,SSp-ul
702,18869_4050_x21764_y6239,10,SSp-m
182305705,18869_4054_x19963_y5080,10,SSp-un
974,18869_4089_x6848_y5110,10,SSp-m
1090,18869_4091_x4807_y8065,9,SSs
702,18869_4181_x21056_y5611,10,SSp-m
648,18869_4184_x11041_y4195,9,MOp
702,18869_4196_x21043_y5510,10,SSp-m
1090,18869_4253_x4991_y7023,9,SSs
351,18869_4268_x10899_y9077,7,unknown
672,18869_4275_x8819_y9368,7,CP
702,18869_4282_x22276_y6457,10,SSp-n
648,18869_4301_x16815_y4413,9,MOp
1070,18869_4301_x20547_y5218,10,SSp-un
1035,18869_4302_x23433_y9053,9,SSs
702,18869_4345_x7097_y4738,10,SSp-n
625,18869_4347_x8166_y4281,10,SSp-ul
1070,18869_4371_x21382_y5522,10,SSp-n
1097,18869_4384_x15799_y10704,5,unknown
625,18869_4410_x8772_y3996,10,SSp-ul
1021,18869_4414_x15653_y4273,9,MOs
351,18869_4419_x16667_y10498,7,unknown
182305705,18869_4426_x7611_y4421,10,SSp-un
803,18869_4453_x9586_y8809,5,unknown
262,18869_4457_x17404_y9449,7,RT
1090,18869_4468_x23035_y7089,9,SSp-n
1070,18869_4469_x21852_y5924,10,SSp-n
844,18869_4511_x11720_y4070,9,MOp
1035,18869_4520_x23555_y8194,9,SSs
1128,18869_4550_x17965_y4177,10,MOp
702,18869_4550_x7203_y4574,10,SSp-n
262,18869_4571_x10055_y8359,7,RT
1090,18869_4587_x23021_y6827,9,SSs
182305697,18869_4599_x7153_y3640,10,SSp-bfd
702,18869_4625_x5853_y5391,10,SSp-n
625,18869_4629_x8451_y4031,10,SSp-ul
549,18869_4662_x10221_y8547,5,AV
6,18869_4693_x19236_y9148,5,fiber tracts
1128,18869_4722_x18329_y4110,10,SSp-ll
262,18869_4727_x9851_y8415,7,RT
1090,18869_4764_x5211_y5995,9,SSs
803,18869_4786_x18238_y10268,5,unknown
6,18869_4787_x8961_y9647,5,fiber tracts
113,18869_4837_x18229_y3163,10,SSp-tr
262,18869_4841_x18666_y8144,7,RT
262,18869_4848_x18620_y8132,7,RT
1111,18869_4883_x18883_y4120,10,SSp-ll
803,18869_4890_x8926_y9583,5,unknown
262,18869_4912_x19648_y8510,7,RT
1070,18869_4953_x22613_y6076,10,SSp-n
687,18869_4997_x13063_y4444,9,CA3
862,18869_5019_x5442_y5910,9,SSs
1090,18869_5024_x5544_y5480,9,SSs
1090,18869_5033_x23046_y6158,9,SSp-n
1038,18869_5108_x7688_y4065,10,SSp-bfd
1111,18869_5123_x17555_y3609,10,RSPagl
262,18869_5126_x8617_y7685,7,RT
718,18869_5150_x8933_y7652,9,RT
1038,18869_5213_x7186_y4274,10,SSp-bfd
1038,18869_5237_x7485_y4162,10,SSp-bfd
610,18869_5286_x15761_y3297,9,RSPv
1070,18869_5317_x6063_y4638,10,SSp-bfd
1090,18869_5343_x5414_y5337,9,SSs
1038,18869_5393_x8284_y3671,10,SSp-bfd
201,18869_5418_x23277_y4971,10,SSp-bfd
1070,18869_5431_x21494_y4633,10,SSp-bfd
687,18869_5444_x13271_y3998,9,RSPv
687,18869_5482_x15126_y4142,9,RSPv
1038,18869_5553_x7275_y3994,10,SSp-bfd
382,18869_5571_x8792_y4549,9,CA3
687,18869_5684_x13521_y3699,9,RSPv
201,18869_5692_x6534_y3440,10,SSp-bfd
687,18869_5694_x15073_y4098,9,RSPv
1090,18869_5705_x4706_y6107,9,AUDv
1038,18869_5754_x7159_y3959,10,SSp-bfd
590,18869_5802_x13547_y4406,9,CA1
610,18869_5941_x16325_y2938,9,RSPv
312782616,18869_5980_x7654_y3517,9,SSp-bfd
906,18869_6076_x17177_y3306,9,fiber tracts
971,18869_6241_x19347_y3562,5,fiber tracts
687,18869_6291_x15236_y3478,9,RSPv
965,18869_6454_x17703_y2478,9,RSPagl
502,18869_6732_x9649_y3919,8,ProS
257,18869_6854_x10735_y2978,9,fiber tracts
774,18869_7121_x17742_y2862,9,RSPagl
1037,18869_7358_x8916_y4859,8,POST
146,18869_7472_x16444_y11009,7,PRNr
7,18869_7986_x18907_y11037,7,PSV
7,18869_7989_x9123_y9916,7,PSV
159,191801_1996_x10466_y16907,7,AON
754,191801_3966_x14363_y10542,7,OT
657,191801_4180_x7440_y5386,10,SSp-m
754,191801_4228_x15043_y11097,7,OT
943,191801_4724_x4226_y10240,9,SSp-ll
843,191803_8254_x7045_y21580,8,PAR
974,191812_4067_x7961_y6860,10,SSp-m
702,191812_4322_x7645_y6848,10,SSp-n
1090,191812_4664_x8027_y25176,9,SSs
1090,191812_5154_x9610_y25921,9,VISC
767,210254_2226_x16029_y23953,9,MOs
767,210254_2309_x13266_y25533,9,MOs
767,210254_2627_x17126_y20600,9,ACAd
844,210254_3271_x15413_y13333,9,MOp
1021,210254_4021_x16401_y21556,9,MOs
919,210254_4149_x16164_y21238,9,ACAd
844,210254_4397_x16794_y21812,9,MOp
844,210254_4485_x16442_y16836,9,MOp
1021,210254_4500_x16614_y17147,9,MOs
1101,236174_2657_x11930_y12250,9,AId
783,236174_2669_x10674_y13239,9,AId
1101,236174_2801_x11376_y11451,9,AId
783,236174_3001_x12887_y24248,9,AId
844,236174_3029_x12820_y24699,9,MOp
783,236174_3215_x11999_y11133,9,AId
783,236174_3229_x11884_y10380,9,AId
579,236174_3229_x11951_y11316,6,fiber tracts
672,236174_3229_x12413_y11831,7,CP
638,236174_3329_x13938_y26099,8,GU
672,236174_3429_x12632_y10625,7,CP
579,236174_3447_x12562_y10626,6,fiber tracts
672,236174_3529_x12805_y10541,7,CP
1102,236174_3529_x13394_y26567,10,SSp-m
672,236174_3529_x13688_y26111,7,CP
672,236174_3536_x15159_y25525,7,CP
638,236174_3629_x15224_y26052,8,GU
583,236174_3729_x12692_y9419,6,CLA
583,236174_3729_x13645_y9551,6,CLA
783,236174_3729_x15151_y26698,9,AId
583,236174_3729_x15443_y26410,6,CLA
583,236174_3829_x13590_y9284,6,CLA
638,236174_3829_x14826_y27255,8,GU
583,236174_3829_x16301_y26647,6,CLA
961,236174_3893_x17507_y26071,7,unknown
783,236174_3929_x12721_y8845,9,AId
583,236174_3929_x13599_y9165,6,CLA
583,236174_3970_x13439_y8678,6,CLA
583,236174_4029_x13079_y8858,6,CLA
477,236174_4129_x16214_y10304,5,unknown
583,236174_4229_x13663_y8589,6,CLA
583,236174_4266_x13848_y8550,6,AIp
583,236174_4429_x13147_y8003,6,CLA
583,236174_4647_x16405_y27845,6,CLA
952,236174_4729_x16869_y27809,7,EPd
314,236174_5138_x16501_y28259,9,CLA
314,236174_5338_x13590_y7348,9,AIp
862,236174_5670_x14073_y29439,9,SSs
857,236174_5738_x11712_y6818,8,VISC
729,236174_5840_x15240_y29741,8,TEa
988,236174_6338_x12092_y5845,8,ECT
977,236174_6338_x12496_y6617,8,ECT
988,236174_6438_x12218_y5897,8,ECT
977,236174_6855_x15550_y29832,8,ECT
289,236174_7077_x14579_y30892,8,TEa
974,AA0001,10,SSp-m
648,AA0002,9,MOp
943,AA0003,9,MOp
648,AA0004,9,MOp
844,AA0005,9,MOp
943,AA0006,9,MOp
854,AA0007,10,SSp-ul
854,AA0008,10,SSp-ul
943,AA0009,9,MOp
767,AA0010,9,MOs
767,AA0011,9,MOs
1021,AA0012,9,MOs
962,AA0013,9,MOs
962,AA0014,9,MOs
255,AA0015,8,AV
255,AA0016,8,AV
351,AA0017,7,BST
603,AA0018,6,fiber tracts
255,AA0019,8,AV
502,AA0020,8,SUB
1037,AA0021,8,POST
443,AA0022,7,fiber tracts
1096,AA0023,9,AM
1037,AA0024,8,POST
971,AA0025,5,fiber tracts
1037,AA0026,8,POST
33,AA0027,9,VISp
721,AA0028,9,VISp
603,AA0029,6,fiber tracts
1037,AA0030,8,POST
502,AA0031,8,SUB
1037,AA0032,8,POST
1037,AA0033,8,POST
648,AA0034,9,MOp
648,AA0035,9,MOp
767,AA0036,9,MOs
767,AA0037,9,MOs
1021,AA0038,9,MOs
1021,AA0039,9,MOs
844,AA0040,9,MOp
844,AA0041,9,MOp
844,AA0042,9,MOp
844,AA0043,9,MOp
1021,AA0044,9,MOs
844,AA0045,9,MOp
648,AA0046,9,MOp
907,AA0047,8,PCN
629,AA0048,8,VAL
1020,AA0049,8,PO
907,AA0050,8,PCN
575,AA0051,8,CL
502,AA0052,8,SUB
1037,AA0053,8,POST
362,AA0054,8,MD
362,AA0055,8,MD
930,AA0056,8,PF
443,AA0057,7,fiber tracts
382,AA0058,9,CA1
630,AA0059,9,ORBl
1021,AA0060,9,MOs
440,AA0061,9,ORBl
1021,AA0062,9,MOs
940,AA0063,5,fiber tracts
767,AA0064,9,MOs
767,AA0065,9,MOs
1015,AA0066,9,ACAd
1015,AA0067,9,ACAd
255,AA0068,8,AV
1113,AA0069,8,IAD
255,AA0070,8,AV
502,AA0071,8,SUB
1037,AA0072,8,POST
64,AA0073,8,AD
599,AA0074,8,CM
1113,AA0075,8,IAD
255,AA0076,8,AV
802,AA0077,6,fiber tracts
382,AA0078,9,CA1
502,AA0079,8,SUB
118,AA0080,7,PVi
830,AA0081,7,DMH
1097,AA0082,5,DMH
690,AA0083,6,fiber tracts
1097,AA0084,5,fiber tracts
484682520,AA0085,5,fiber tracts
830,AA0086,7,DMH
1097,AA0087,5,DMH
181,AA0088,8,RE
1077,AA0089,8,PR
693,AA0090,7,VMH
632,AA0091,9,DG
347,AA0092,7,SBPV
88,AA0093,7,AHN
1077,AA0094,8,PR
362,AA0095,8,MD
767,AA0096,9,MOs
767,AA0097,9,MOs
1015,AA0098,9,ACAd
767,AA0099,9,MOs
767,AA0100,9,MOs
1021,AA0101,9,MOs
648,AA0102,9,MOp
1021,AA0103,9,MOs
1021,AA0104,9,MOs
1021,AA0105,9,MOs
767,AA0106,9,MOs
844,AA0107,9,MOp
767,AA0108,9,MOs
1021,AA0109,9,MOs
1021,AA0110,9,MOs
919,AA0111,9,ACAd
767,AA0112,9,MOs
919,AA0113,9,ACAd
767,AA0114,9,MOs
767,AA0115,9,MOs
962,AA0116,9,MOs
1021,AA0117,9,MOs
962,AA0118,9,MOs
630,AA0119,9,ORBl
440,AA0120,9,ORBl
630,AA0121,9,ORBl
630,AA0122,9,ORBl
382,AA0123,9,CA1
484682470,AA0124,8,ProS
1037,AA0125,8,POST
502,AA0126,8,SUB
305,AA0127,9,VISp
797,AA0128,7,ZI
741,AA0129,9,VPMpc
767,AA0130,9,MOs
648,AA0131,9,MOp
648,AA0132,9,MOp
1021,AA0133,9,MOs
1021,AA0134,9,MOs
648,AA0135,9,MOp
685,AA0136,8,VM
685,AA0137,8,VM
181,AA0138,8,RE
502,AA0139,8,SUB
1021,AA0140,9,MOs
88,AA0141,7,AHN
118,AA0142,7,PVi
632,AA0143,9,DG
10703,AA0144,9,DG
10703,AA0145,9,DG
10703,AA0146,9,DG
632,AA0147,9,DG
632,AA0148,9,DG
10704,AA0149,9,DG
10704,AA0150,9,DG
632,AA0151,9,DG
88,AA0152,7,AHN
38,AA0153,7,PVH
10703,AA0154,9,DG
632,AA0155,9,DG
632,AA0156,9,DG
1037,AA0157,8,POST
1037,AA0158,8,POST
1084,AA0159,8,PRE
33,AA0160,9,VISp
502,AA0161,8,SUB
10703,AA0162,9,DG
1097,AA0163,5,DG
685,AA0164,8,VM
10703,AA0165,9,DG
10703,AA0166,9,DG
576073704,AA0167,7,PeF
1084,AA0168,8,PRE
767,AA0169,9,MOs
1084,AA0170,8,PRE
1084,AA0171,8,PRE
313,AA0172,4,PRE
1084,AA0173,8,PRE
797,AA0174,7,ZI
797,AA0175,7,ZI
685,AA0176,8,VM
797,AA0177,7,ZI
803,AA0178,5,ZI
1021,AA0179,9,MOs
1021,AA0180,9,MOs
767,AA0181,9,MOs
767,AA0182,9,MOs
1021,AA0183,9,MOs
767,AA0184,9,MOs
1021,AA0185,9,MOs
1021,AA0186,9,MOs
767,AA0187,9,MOs
767,AA0188,9,MOs
10703,AA0189,9,DG
767,AA0190,9,MOs
10703,AA0191,9,DG
10703,AA0192,9,DG
10704,AA0193,9,DG
502,AA0194,8,SUB
502,AA0195,8,SUB
10704,AA0196,9,DG
10704,AA0197,9,DG
10703,AA0198,9,DG
484682470,AA0199,8,ProS
575,AA0200,8,CL
741,AA0201,9,VPMpc
10703,AA0202,9,DG
1084,AA0203,8,PRE
313,AA0204,4,PRE
313,AA0205,4,PRE
313,AA0206,4,PRE
194,AA0207,7,LHA
382,AA0208,9,CA1
690,AA0209,6,fiber tracts
313,AA0210,4,fiber tracts
313,AA0211,4,fiber tracts
1097,AA0212,5,fiber tracts
946,AA0213,7,PH
946,AA0214,7,PH
102,AA0215,5,fiber tracts
1097,AA0216,5,fiber tracts
1097,AA0217,5,fiber tracts
364,AA0218,7,PSTN
1097,AA0219,5,PSTN
946,AA0220,7,PH
685,AA0221,8,VM
946,AA0222,7,PH
753,AA0223,6,fiber tracts
844,AA0224,9,MOp
844,AA0225,9,MOp
685,AA0226,8,VM
443,AA0227,7,fiber tracts
484682520,AA0228,5,fiber tracts
940,AA0229,5,fiber tracts
767,AA0230,9,MOs
1021,AA0231,9,MOs
962,AA0232,9,MOs
767,AA0233,9,MOs
919,AA0234,9,ACAd
767,AA0235,9,MOs
767,AA0236,9,MOs
962,AA0237,9,MOs
211,AA0238,9,ACAd
919,AA0239,9,ACAd
1021,AA0240,9,MOs
962,AA0241,9,MOs
1021,AA0242,9,MOs
919,AA0243,9,ACAd
1084,AA0244,8,PRE
767,AA0245,9,MOs
1084,AA0246,8,PRE
484682470,AA0247,8,ProS
484682470,AA0248,8,ProS
1084,AA0249,8,PRE
767,AA0250,9,MOs
502,AA0251,8,SUB
502,AA0252,8,SUB
443,AA0253,7,fiber tracts
1084,AA0254,8,PRE
1084,AA0255,8,PRE
1084,AA0256,8,PRE
484682470,AA0257,8,ProS
1084,AA0258,8,PRE
1084,AA0259,8,PRE
443,AA0260,7,fiber tracts
767,AA0261,9,MOs
971,AA0262,5,fiber tracts
443,AA0263,7,fiber tracts
443,AA0264,7,fiber tracts
767,AA0265,9,MOs
549,AA0266,5,MOs
767,AA0267,9,MOs
443,AA0268,7,fiber tracts
767,AA0269,9,MOs
971,AA0270,5,fiber tracts
767,AA0271,9,MOs
1021,AA0272,9,MOs
956,AA0273,5,fiber tracts
767,AA0274,9,MOs
484682520,AA0275,5,fiber tracts
767,AA0276,9,MOs
1108,AA0277,5,fiber tracts
1021,AA0278,9,MOs
767,AA0279,9,MOs
1021,AA0280,9,MOs
767,AA0281,9,MOs
33,AA0282,9,VISp
443,AA0283,7,fiber tracts
962,AA0284,9,MOs
1021,AA0285,9,MOs
767,AA0286,9,MOs
767,AA0287,9,MOs
767,AA0288,9,MOs
767,AA0289,9,MOs
971,AA0290,5,fiber tracts
962,AA0291,9,MOs
10703,AA0292,9,DG
575,AA0293,8,CL
575,AA0294,8,CL
155,AA0295,8,LD
10703,AA0296,9,DG
629,AA0297,8,VAL
907,AA0298,8,PCN
629,AA0299,8,VAL
767,AA0300,9,MOs
907,AA0301,8,PCN
629,AA0302,8,VAL
997,AA0303,1,VAL
463,AA0304,9,CA3
10703,AA0305,9,DG
382,AA0306,9,CA1
463,AA0307,9,CA3
10703,AA0308,9,DG
10703,AA0309,9,DG
733,AA0310,9,VPM
733,AA0311,9,VPM
733,AA0312,9,VPM
733,AA0313,9,VPM
733,AA0314,9,VPM
733,AA0315,9,VPM
629,AA0316,8,VAL
733,AA0317,9,VPM
733,AA0318,9,VPM
440,AA0319,9,ORBl
440,AA0320,9,ORBl
629,AA0321,8,VAL
718,AA0322,9,VPL
440,AA0323,9,ORBl
767,AA0324,9,MOs
608,AA0325,9,ORBvl
629,AA0326,8,VAL
767,AA0327,9,MOs
656,AA0328,9,MOs
962,AA0329,9,MOs
797,AA0330,7,ZI
629,AA0331,8,VAL
767,AA0332,9,MOs
526157196,AA0333,8,FRP
575,AA0334,8,CL
907,AA0335,8,PCN
155,AA0336,8,LD
907,AA0337,8,PCN
1020,AA0338,8,PO
1020,AA0339,8,PO
1020,AA0340,8,PO
218,AA0341,8,LP
629,AA0342,8,VAL
1020,AA0343,8,PO
629,AA0344,8,VAL
629,AA0345,8,VAL
629,AA0346,8,VAL
629,AA0347,8,VAL
629,AA0348,8,VAL
1020,AA0349,8,PO
629,AA0350,8,VAL
629,AA0351,8,VAL
1020,AA0352,8,PO
362,AA0353,8,MD
575,AA0354,8,CL
629,AA0355,8,VAL
575,AA0356,8,CL
155,AA0357,8,LD
629,AA0358,8,VAL
218,AA0359,8,LP
632,AA0360,9,DG
632,AA0361,9,DG
10703,AA0362,9,DG
362,AA0363,8,MD
907,AA0364,8,PCN
629,AA0365,8,VAL
629,AA0366,8,VAL
575,AA0367,8,CL
362,AA0368,8,MD
575,AA0369,8,CL
362,AA0370,8,MD
362,AA0371,8,MD
907,AA0372,8,PCN
575,AA0373,8,CL
1084,AA0374,8,PRE
502,AA0375,8,SUB
10703,AA0376,9,DG
1084,AA0377,8,PRE
10703,AA0378,9,DG
1084,AA0379,8,PRE
502,AA0380,8,SUB
1037,AA0381,8,POST
1084,AA0382,8,PRE
502,AA0383,8,SUB
10703,AA0384,9,DG
10703,AA0385,9,DG
1084,AA0386,8,PRE
10703,AA0387,9,DG
629,AA0388,8,VAL
797,AA0389,7,ZI
526157192,AA0390,8,FRP
629,AA0391,8,VAL
1084,AA0392,8,PRE
363,AA0393,8,PL
767,AA0394,9,MOs
962,AA0395,9,MOs
526157192,AA0396,8,FRP
767,AA0397,9,MOs
1021,AA0398,9,MOs
718,AA0399,9,VPL
767,AA0400,9,MOs
1021,AA0401,9,MOs
656,AA0402,9,MOs
608,AA0403,9,ORBvl
1021,AA0404,9,MOs
262,AA0405,7,RT
608,AA0406,9,ORBvl
962,AA0407,9,MOs
1021,AA0408,9,MOs
962,AA0409,9,MOs
1021,AA0410,9,MOs
767,AA0411,9,MOs
767,AA0412,9,MOs
767,AA0413,9,MOs
1084,AA0414,8,PRE
767,AA0415,9,MOs
962,AA0416,9,MOs
363,AA0417,8,PL
962,AA0418,9,MOs
962,AA0419,9,MOs
463,AA0420,9,CA3
767,AA0421,9,MOs
767,AA0422,9,MOs
502,AA0423,8,SUB
656,AA0424,9,MOs
304,AA0425,8,PL
962,AA0426,9,MOs
608,AA0427,9,ORBvl
194,AA0428,7,LHA
989,AA0429,5,FN
354,AA0430,5,FN
354,AA0431,5,FN
728,AA0432,4,fiber tracts
795,AA0433,6,PAG
136,AA0434,7,IRN
351,AA0435,7,BST
194,AA0436,7,LHA
194,AA0437,7,LHA
351,AA0438,7,BST
767,AA0439,9,MOs
767,AA0440,9,MOs
767,AA0441,9,MOs
767,AA0442,9,MOs
797,AA0443,7,ZI
502,AA0444,8,SUB
767,AA0445,9,MOs
962,AA0446,9,MOs
466,AA0447,6,fiber tracts
685,AA0448,8,VM
685,AA0449,8,VM
962,AA0450,9,MOs
629,AA0451,8,VAL
767,AA0452,9,MOs
155,AA0453,8,LD
1084,AA0454,8,PRE
956,AA0455,5,fiber tracts
84,AA0456,8,PL
84,AA0457,8,PL
1084,AA0458,8,PRE
502,AA0459,8,SUB
767,AA0460,9,MOs
526157196,AA0461,8,FRP
767,AA0462,9,MOs
1021,AA0463,9,MOs
1021,AA0464,9,MOs
767,AA0465,9,MOs
767,AA0466,9,MOs
962,AA0467,9,MOs
1084,AA0468,8,PRE
656,AA0469,9,MOs
656,AA0470,9,MOs
962,AA0471,9,MOs
656,AA0472,9,MOs
1021,AA0473,9,MOs
962,AA0474,9,MOs
962,AA0475,9,MOs
502,AA0476,8,SUB
502,AA0477,8,SUB
1084,AA0478,8,PRE
502,AA0479,8,SUB
1084,AA0480,8,PRE
767,AA0481,9,MOs
10703,AA0482,9,DG
1084,AA0483,8,PRE
10703,AA0484,9,DG
629,AA0485,8,VAL
797,AA0486,7,ZI
10703,AA0487,9,DG
797,AA0488,7,ZI
502,AA0489,8,SUB
502,AA0490,8,SUB
10703,AA0491,9,DG
778,AA0492,9,VISp
502,AA0493,8,SUB
1037,AA0494,8,POST
502,AA0495,8,SUB
502,AA0496,8,SUB
997,AA0497,1,SUB
502,AA0498,8,SUB
502,AA0499,8,SUB
502,AA0500,8,SUB
828,AA0501,7,IC
718,AA0502,9,VPL
852,AA0503,7,PARN
354,AA0504,5,PARN
313,AA0505,4,PARN
313,AA0506,4,PARN
872,AA0507,7,DR
1048,AA0508,7,GRN
658,AA0509,6,fiber tracts
1093,AA0510,7,PRNc
313,AA0511,4,PRNc
1093,AA0512,7,PRNc
771,AA0513,5,PRNc
128,AA0514,6,MRN
970,AA0515,8,PGRNd
225,AA0516,8,SPIV
1098,AA0517,8,MDRNd
255,AA0518,8,AV
629,AA0519,8,VAL
155,AA0520,8,LD
997,AA0521,1,LD
443,AA0522,7,fiber tracts
743,AA0523,10,ENTm
1084,AA0524,8,PRE
1084,AA0525,8,PRE
1084,AA0526,8,PRE
502,AA0527,8,SUB
1084,AA0528,8,PRE
1084,AA0529,8,PRE
255,AA0530,8,AV
1084,AA0531,8,PRE
502,AA0532,8,SUB
10703,AA0533,9,DG
767,AA0534,9,MOs
502,AA0535,8,SUB
10703,AA0536,9,DG
88,AA0537,7,AHN
1084,AA0538,8,PRE
155,AA0539,8,LD
155,AA0540,8,LD
1021,AA0541,9,MOs
1097,AA0542,5,MOs
1021,AA0543,9,MOs
1021,AA0544,9,MOs
1021,AA0545,9,MOs
1089,AA0546,6,MOs
1084,AA0547,8,PRE
1021,AA0548,9,MOs
1021,AA0549,9,MOs
1021,AA0550,9,MOs
1037,AA0551,8,POST
1084,AA0552,8,PRE
1021,AA0553,9,MOs
767,AA0554,9,MOs
576073704,AA0555,7,PeF
767,AA0556,9,MOs
576073704,AA0557,7,PeF
194,AA0558,7,LHA
443,AA0559,7,fiber tracts
502,AA0560,8,SUB
10703,AA0561,9,DG
502,AA0562,8,SUB
443,AA0563,7,fiber tracts
502,AA0564,8,SUB
443,AA0565,7,fiber tracts
443,AA0566,7,fiber tracts
443,AA0567,7,fiber tracts
10703,AA0568,9,DG
443,AA0569,7,fiber tracts
1037,AA0570,8,POST
632,AA0571,9,DG
10703,AA0572,9,DG
632,AA0573,9,DG
443,AA0574,7,fiber tracts
767,AA0575,9,MOs
767,AA0576,9,MOs
767,AA0577,9,MOs
767,AA0578,9,MOs
629,AA0579,8,VAL
1020,AA0580,8,PO
1020,AA0581,8,PO
962,AA0582,9,MOs
962,AA0583,9,MOs
943,AA0584,9,MOp
320,AA0585,9,MOp
629,AA0586,8,VAL
962,AA0587,9,MOs
648,AA0588,9,MOp
320,AA0589,9,MOp
68,AA0590,8,FRP
629,AA0591,8,VAL
943,AA0592,9,MOp
907,AA0593,8,PCN
656,AA0594,9,MOs
629,AA0595,8,VAL
962,AA0596,9,MOs
943,AA0597,9,MOp
366,AA0598,8,SMT
767,AA0599,9,MOs
767,AA0600,9,MOs
575,AA0601,8,CL
767,AA0602,9,MOs
363,AA0603,8,PL
1020,AA0604,8,PO
767,AA0605,9,MOs
194,AA0606,7,LHA
576073704,AA0607,7,PeF
194,AA0608,7,LHA
194,AA0609,7,LHA
797,AA0610,7,ZI
484682470,AA0611,8,ProS
629,AA0612,8,VAL
484682470,AA0613,8,ProS
1097,AA0614,5,ProS
797,AA0615,7,ZI
194,AA0616,7,LHA
943,AA0617,9,MOp
320,AA0618,9,MOp
484682520,AA0619,5,fiber tracts
484682470,AA0620,8,ProS
382,AA0621,9,CA1
943,AA0622,9,MOp
767,AA0623,9,MOs
656,AA0624,9,MOs
962,AA0625,9,MOs
767,AA0626,9,MOs
656,AA0627,9,MOs
767,AA0628,9,MOs
1020,AA0629,8,PO
648,AA0630,9,MOp
382,AA0631,9,CA1
767,AA0632,9,MOs
767,AA0633,9,MOs
767,AA0634,9,MOs
962,AA0635,9,MOs
304,AA0636,8,PL
962,AA0637,9,MOs
33,AA0638,9,VISp
962,AA0639,9,MOs
767,AA0640,9,MOs
1021,AA0641,9,MOs
767,AA0642,9,MOs
382,AA0643,9,CA1
767,AA0644,9,MOs
68,AA0645,8,FRP
767,AA0646,9,MOs
767,AA0647,9,MOs
767,AA0648,9,MOs
648,AA0649,9,MOp
767,AA0650,9,MOs
629,AA0651,8,VAL
648,AA0652,9,MOp
656,AA0653,9,MOs
767,AA0654,9,MOs
656,AA0655,9,MOs
767,AA0656,9,MOs
971,AA0657,5,fiber tracts
943,AA0658,9,MOp
656,AA0659,9,MOs
656,AA0660,9,MOs
382,AA0661,9,CA1
320,AA0662,9,MOp
656,AA0663,9,MOs
767,AA0664,9,MOs
320,AA0665,9,MOp
962,AA0666,9,MOs
767,AA0667,9,MOs
767,AA0668,9,MOs
767,AA0669,9,MOs
962,AA0670,9,MOs
656,AA0671,9,MOs
320,AA0673,9,MOp
656,AA0674,9,MOs
685,AA0675,8,VM
484682520,AA0676,5,fiber tracts
484682520,AA0677,5,fiber tracts
312782594,AA0678,9,VISli
74,AA0679,9,VISl
74,AA0680,9,VISl
10703,AA0681,9,DG
1084,AA0682,8,PRE
484682470,AA0683,8,ProS
502,AA0684,8,SUB
484682470,AA0685,8,ProS
1084,AA0686,8,PRE
502,AA0687,8,SUB
502,AA0688,8,SUB
1084,AA0689,8,PRE
1084,AA0690,8,PRE
484682520,AA0691,5,fiber tracts
629,AA0692,8,VAL
629,AA0693,8,VAL
1020,AA0694,8,PO
1084,AA0695,8,PRE
10703,AA0696,9,DG
484682470,AA0697,8,ProS
121,AA0698,9,VISl
74,AA0699,9,VISl
1084,AA0700,8,PRE
502,AA0701,8,SUB
484682470,AA0702,8,ProS
502,AA0703,8,SUB
502,AA0704,8,SUB
10703,AA0705,9,DG
502,AA0706,8,SUB
1084,AA0707,8,PRE
1084,AA0708,8,PRE
1084,AA0709,8,PRE
1084,AA0710,8,PRE
74,AA0711,9,VISl
74,AA0712,9,VISl
1084,AA0713,8,PRE
1084,AA0714,8,PRE
1084,AA0715,8,PRE
1084,AA0716,8,PRE
1037,AA0717,8,POST
629,AA0718,8,VAL
685,AA0719,8,VM
1084,AA0720,8,PRE
502,AA0721,8,SUB
1084,AA0722,8,PRE
1084,AA0723,8,PRE
1084,AA0724,8,PRE
1084,AA0725,8,PRE
767,AA0726,9,MOs
919,AA0727,9,ACAd
484682470,AA0728,8,ProS
436,AA0729,7,fiber tracts
194,AA0730,7,LHA
484682470,AA0731,8,ProS
1085,AA0732,9,MOs
1021,AA0733,9,MOs
767,AA0734,9,MOs
767,AA0735,9,MOs
484682470,AA0736,8,ProS
919,AA0737,9,ACAd
962,AA0738,9,MOs
1021,AA0739,9,MOs
919,AA0740,9,ACAd
440,AA0741,9,ORBl
767,AA0742,9,MOs
767,AA0743,9,MOs
767,AA0744,9,MOs
767,AA0745,9,MOs
767,AA0746,9,MOs
1021,AA0747,9,MOs
1021,AA0748,9,MOs
767,AA0749,9,MOs
733,AA0750,9,VPM
128,AA0751,6,MRN
560581563,AA0752,8,PIL
549,AA0753,5,PIL
733,AA0755,9,VPM
1029,AA0756,8,POL
1029,AA0757,8,POL
560581563,AA0758,8,PIL
6,AA0759,5,fiber tracts
194,AA0760,7,LHA
194,AA0761,7,LHA
563807435,AA0762,8,PoT
1015,AA0764,9,ACAd
211,AA0765,9,ACAd
919,AA0766,9,ACAd
767,AA0767,9,MOs
797,AA0768,7,ZI
1021,AA0769,9,MOs
1021,AA0770,9,MOs
1015,AA0771,9,ACAd
767,AA0772,9,MOs
767,AA0773,9,MOs
767,AA0774,9,MOs
919,AA0775,9,ACAd
940,AA0776,5,fiber tracts
919,AA0777,9,ACAd
810,AA0778,9,ACAv
194,AA0779,7,LHA
767,AA0780,9,MOs
1021,AA0781,9,MOs
962,AA0782,9,MOs
1021,AA0783,9,MOs
1021,AA0784,9,MOs
767,AA0785,9,MOs
767,AA0786,9,MOs
767,AA0787,9,MOs
767,AA0788,9,MOs
767,AA0789,9,MOs
767,AA0790,9,MOs
767,AA0791,9,MOs
767,AA0792,9,MOs
962,AA0793,9,MOs
767,AA0794,9,MOs
962,AA0795,9,MOs
772,AA0796,9,ACAv
767,AA0797,9,MOs
767,AA0798,9,MOs
919,AA0799,9,ACAd
296,AA0800,9,ACAv
211,AA0801,9,ACAd
962,AA0802,9,MOs
962,AA0803,9,MOs
502,AA0804,8,SUB
1084,AA0805,8,PRE
971,AA0806,5,fiber tracts
211,AA0807,9,ACAd
797,AA0808,7,ZI
685,AA0809,8,VM
502,AA0810,8,SUB
502,AA0811,8,SUB
1037,AA0812,8,POST
1084,AA0813,8,PRE
443,AA0814,7,fiber tracts
382,AA0815,9,CA1
382,AA0816,9,CA1
767,AA0817,9,MOs
382,AA0818,9,CA1
382,AA0819,9,CA1
382,AA0820,9,CA1
502,AA0821,8,SUB
502,AA0822,8,SUB
502,AA0823,8,SUB
502,AA0824,8,SUB
502,AA0825,8,SUB
502,AA0826,8,SUB
502,AA0827,8,SUB
502,AA0828,8,SUB
382,AA0829,9,CA1
502,AA0830,8,SUB
502,AA0831,8,SUB
1021,AA0832,9,MOs
1021,AA0833,9,MOs
502,AA0834,8,SUB
1021,AA0835,9,MOs
1021,AA0836,9,MOs
767,AA0837,9,MOs
1021,AA0838,9,MOs
1021,AA0839,9,MOs
767,AA0840,9,MOs
767,AA0841,9,MOs
767,AA0842,9,MOs
502,AA0843,8,SUB
919,AA0844,9,ACAd
772,AA0845,9,ACAv
767,AA0846,9,MOs
502,AA0847,8,SUB
502,AA0848,8,SUB
502,AA0849,8,SUB
502,AA0850,8,SUB
382,AA0851,9,CA1
588,AA0852,9,ACAv
767,AA0853,9,MOs
767,AA0854,9,MOs
502,AA0855,8,SUB
919,AA0856,9,ACAd
305,AA0857,9,VISp
767,AA0858,9,MOs
962,AA0859,9,MOs
1037,AA0860,8,POST
1037,AA0861,8,POST
484682516,AA0862,5,fiber tracts
767,AA0863,9,MOs
382,AA0864,9,CA1
962,AA0865,9,MOs
962,AA0866,9,MOs
1015,AA0867,9,ACAd
767,AA0868,9,MOs
10703,AA0869,9,DG
304,AA0870,8,PL
502,AA0871,8,SUB
296,AA0872,9,ACAv
962,AA0873,9,MOs
1015,AA0874,9,ACAd
1084,AA0875,8,PRE
1021,AA0876,9,MOs
502,AA0877,8,SUB
1037,AA0878,8,POST
1037,AA0879,8,POST
767,AA0880,9,MOs
1037,AA0881,8,POST
767,AA0882,9,MOs
1015,AA0883,9,ACAd
962,AA0884,9,MOs
502,AA0885,8,SUB
502,AA0886,8,SUB
767,AA0887,9,MOs
767,AA0888,9,MOs
767,AA0889,9,MOs
484682470,AA0890,8,ProS
502,AA0891,8,SUB
767,AA0892,9,MOs
919,AA0893,9,ACAd
502,AA0894,8,SUB
484682520,AA0895,5,fiber tracts
484682520,AA0896,5,fiber tracts
962,AA0897,9,MOs
767,AA0898,9,MOs
767,AA0899,9,MOs
1021,AA0900,9,MOs
656,AA0901,9,MOs
940,AA0902,5,fiber tracts
919,AA0903,9,ACAd
797,AA0904,7,ZI
767,AA0905,9,MOs
767,AA0906,9,MOs
767,AA0907,9,MOs
1021,AA0908,9,MOs
382,AA0909,9,CA1
382,AA0910,9,CA1
526157196,AA0911,8,FRP
1037,AA0912,8,POST
767,AA0913,9,MOs
962,AA0914,9,MOs
962,AA0915,9,MOs
962,AA0916,9,MOs
194,AA0917,7,LHA
255,AA0918,8,AV
252,AA0919,9,AUDd
733,AA0920,9,VPM
629,AA0921,8,VAL
136,AA0922,7,IRN
648,AA0923,9,MOp
961,AA0924,7,PIR
629,AA0925,8,VAL
648,AA0926,9,MOp
648,AA0927,9,MOp
327,AA0928,7,BMA
288,AA0929,9,ORBvl
606826659,AA0930,9,MM
313,AA0931,4,MM
313,AA0932,4,MM
606826659,AA0933,9,MM
606826659,AA0934,9,MM
732,AA0935,9,MM
732,AA0936,9,MM
606826659,AA0937,9,MM
364,AA0938,7,PSTN
606826647,AA0939,9,MM
606826659,AA0940,9,MM
847,AA0941,9,AUDp
325,AA0942,8,SGN
54,AA0943,5,fiber tracts
974,AA0944,10,SSp-m
1070,AA0945,10,SSp-bfd
621,AA0946,7,V
136,AA0947,7,IRN
354,AA0948,5,IRN
778,AA0949,9,VISp
437,AA0950,7,SPVI
1107,AA0951,8,MDRNv
955,AA0953,8,LRN
19,AA0954,8,IG
19,AA0955,8,IG
648,AA0956,9,MOp
655,AA0957,9,COAp
258,AA0958,8,LSr
382,AA0959,9,CA1
463,AA0960,9,CA3
984,AA0961,7,CENT
1049,AA0962,6,FL
1049,AA0963,6,FL
1033,AA0965,6,COPY
951,AA0966,6,PYR
1033,AA0967,6,COPY
1091,AA0969,7,CUL
1007,AA0970,6,SIM
976,AA0971,7,CENT
976,AA0972,7,CENT
1064,AA0973,7,AN
1064,AA0974,7,AN
951,AA0975,6,PYR
1033,AA0976,6,COPY
1041,AA0978,6,PFL
1041,AA0979,6,PFL
1064,AA0980,7,AN
1033,AA0981,6,COPY
944,AA0982,6,FOTU
984,AA0983,7,CENT
1064,AA0984,7,AN
968,AA0985,6,NOD
1091,AA0986,7,CUL
313,AA0987,4,CUL
984,AA0988,7,CENT
217,AA0989,8,SUV
1025,AA0990,6,PRM
1025,AA0991,6,PRM
1043,AA0992,5,fiber tracts
1064,AA0993,7,AN
1102,AA0994,10,SSp-m
334,AA0995,7,BMA
1098,AA0996,8,MDRNd
463,AA0997,9,CA3
632,AA0998,9,DG
463,AA0999,9,CA3
862,AA1000,9,SSs
507,AA1001,7,MOB
20,AA1002,10,ENTl
