997,2704,5896648.2787841605,606277.4728618589,root,1
8,2527,5523731.657504042,575825.5547692276,grey,2
567,1564,4494641.157672847,354637.13112552173,CH,3
688,1255,3632131.21754339,314789.191548707,CTX,4
695,1229,3592005.0398450433,311689.4412762839,CTXpl,5
315,943,3190065.59945291,258199.3462035957,Isocortex,6
184,7,34800.60421685125,2753.6911405981996,FRP,7
68,2,4625.561744095597,696.0086280947755,FRP1,8
667,0,7215.402273898854,135.83252383115448,FRP2/3,8
526157192,2,16924.75949496026,898.9188539466006,FRP5,8
526157196,3,6006.41777054473,1017.0373045507288,FRP6a,8
526322264,0,28.462933351807877,5.893830174939766,FRP6b,8
500,406,1012833.7574257596,107627.58962866224,MO,7
107,0,0,0,MO1,8
219,0,0,0,MO2/3,8
299,0,0,0,MO5,8
644,0,0,0,MO6a,8
947,0,0,0,MO6b,8
985,92,383765.4585516127,25158.910193606316,MOp,8
320,4,36227.53131368622,3481.054421290517,MOp1,9
943,28,124720.79969727907,6567.231958150316,MOp2/3,9
648,36,123762.78678795326,9672.278658777408,MOp5,9
844,22,94462.5509534883,5087.219714490881,MOp6a,9
882,2,4591.789799205817,351.1254408971911,MOp6b,9
993,314,629068.2988741469,82468.67943505592,MOs,8
656,23,77846.27404930376,12660.103595774815,MOs1,9
962,66,171872.333270065,16064.325988407376,MOs2/3,9
767,154,259064.07758480078,38959.10824932126,MOs5,9
1021,70,117318.00512139304,14562.696283309648,MOs6a,9
1085,1,2967.6088485843347,222.44531824282063,MOs6b,9
453,258,1025949.0721863089,81826.37085000811,SS,7
12993,0,0,0,SS1,8
12994,0,0,0,SS2/3,8
12995,0,0,0,SS4,8
12996,0,0,0,SS5,8
12997,0,0,0,SS6a,8
12998,0,0,0,SS6b,8
322,194,805044.6340527841,62221.247094890285,SSp,8
793,0,0,0,SSp1,9
346,0,0,0,SSp2/3,9
865,0,0,0,SSp4,9
921,0,0,0,SSp5,9
686,0,0,0,SSp6a,9
719,0,0,0,SSp6b,9
353,20,114847.79855263859,6899.388397264826,SSp-n,9
558,0,7041.664879815825,1038.193229356246,SSp-n1,10
838,3,27673.256152184345,616.6806590910602,SSp-n2/3,10
654,1,33264.54271148877,758.2791556998094,SSp-n4,10
702,14,22299.76906854683,3841.162825839355,SSp-n5,10
889,2,23274.591441015993,630.3381329032629,SSp-n6a,10
929,0,1293.9742995868316,14.734394375093292,SSp-n6b,10
329,49,223100.207033236,13731.895303198407,SSp-bfd,9
981,1,12938.755508095108,2331.119190130534,SSp-bfd1,10
201,8,52527.65366241303,2012.665216649991,SSp-bfd2/3,10
1047,11,72027.25646208572,2485.3544425999366,SSp-bfd4,10
1070,21,45013.95988362192,5263.78131070586,SSp-bfd5,10
1038,8,37910.11323119065,1547.334226031207,SSp-bfd6a,10
1062,0,2682.468285829571,91.64091708087633,SSp-bfd6b,10
480149202,0,0,0,VISrll,10
480149206,0,0,0,VISrll1,11
480149210,0,0,0,VISrll2/3,11
480149214,0,0,0,VISrll4,11
480149218,0,0,0,VISrll5,11
480149222,0,0,0,VISrll6a,11
480149226,0,0,0,VISrll6b,11
337,13,45248.22523283259,3585.638705570934,SSp-ll,9
1030,1,4664.402111562714,781.0881708207619,SSp-ll1,10
113,2,16284.912170304236,694.099688820863,SSp-ll2/3,10
1094,1,5681.459296653856,338.6765910511153,SSp-ll4,10
1128,8,11655.04233685189,1522.1720700859591,SSp-ll5,10
478,1,6492.089671926421,185.737876543658,SSp-ll6a,10
510,0,470.3196455334793,63.864308248576286,SSp-ll6b,10
345,68,230146.1450404455,21787.555225157495,SSp-m,9
878,0,10508.023167187039,2720.101582017883,SSp-m1,10
657,5,64680.86341805728,2346.9046895280067,SSp-m2/3,10
950,11,58955.90866415417,3003.5653377721433,SSp-m4,10
974,43,46843.37846811897,11552.499001311198,SSp-m5,10
1102,8,46669.06694467892,1909.6886647778906,SSp-m6a,10
2,1,2488.9043782490958,254.79594975037273,SSp-m6b,10
369,35,121880.51120022182,13087.018605652529,SSp-ul,9
450,0,9730.356897424404,2467.134383952163,SSp-ul1,10
854,6,38644.719383238764,2108.1857139915387,SSp-ul2/3,10
577,2,21308.589388020377,1733.9809663993794,SSp-ul4,10
625,26,31101.065633820264,6482.633458087709,SSp-ul5,10
945,1,20011.453448118606,263.0353438428275,SSp-ul6a,10
1026,0,1084.326449599393,32.04873937890904,SSp-ul6b,10
361,4,28817.352361213496,1068.3772253473078,SSp-tr,9
1006,0,3677.4924721125817,277.0290075295387,SSp-tr1,10
670,1,11888.366978707487,240.837920805362,SSp-tr2/3,10
1086,0,3623.060844001701,109.03565624441953,SSp-tr4,10
1111,3,6291.119756621058,397.6868621290168,SSp-tr5,10
9,0,3032.8174046865724,43.7877786389709,SSp-tr6a,10
461,0,304.4949050840947,0.0,SSp-tr6b,10
182305689,5,41004.39463219612,2061.373632698773,SSp-un,9
182305693,0,2318.764211011476,328.11394162898495,SSp-un1,10
182305697,1,13982.271284358474,366.2324381952954,SSp-un2/3,10
182305701,0,8199.674137379376,172.47097489488667,SSp-un4,10
182305705,4,9805.522008068661,1170.2601122120518,SSp-un5,10
182305709,0,6299.7918367081875,24.296165767553862,SSp-un6a,10
182305713,0,398.37115466994175,0.0,SSp-un6b,10
378,64,220904.43813352473,19605.123755117835,SSs,8
873,2,15970.941198474931,3143.0299480774993,SSs1,9
806,8,59687.39030090019,3009.7016458639605,SSs2/3,9
1035,10,37608.25296169805,2745.8359696635903,SSs4,9
1090,31,54527.729619128455,8600.357959961999,SSs5,9
862,12,48568.72996186088,1996.7327828603068,SSs6a,9
893,1,4541.394091462251,109.46544869047518,SSs6b,9
1057,10,28991.89241870195,2317.8495402676685,GU,7
36,0,1261.561273163369,65.7288899632676,GU1,8
180,0,5918.976278874626,82.6538684241998,GU2/3,8
148,0,3151.080954509156,110.53889427342386,GU4,8
187,3,8755.905477476354,556.9320730783396,GU5,8
638,6,8306.244087671796,1294.9862145445302,GU6a,8
662,1,1598.1243470066502,207.00959998390744,GU6b,8
677,7,36529.27423080803,1187.687123916012,VISC,7
897,0,3667.925799071631,16.724237242608048,VISC1,8
1106,1,11195.917363445704,255.39132544880889,VISC2/3,8
1010,0,4660.127538611118,102.9546770343604,VISC4,8
1058,4,9488.973243404134,363.62712167655707,VISC5,8
857,2,6837.029693739595,340.2769586197996,VISC6a,8
849,0,679.3005925358477,108.7128038938781,VISC6b,8
247,20,108406.15500052705,3702.968866148553,AUD,7
1011,4,26008.5147824321,665.516810159305,AUDd,8
527,0,1821.9238185314475,31.710937926548716,AUDd1,9
600,0,9630.424722855705,66.49436398604672,AUDd2/3,9
678,0,4037.7477088998776,156.10595025136445,AUDd4,9
252,3,6911.864324793975,333.5386788950509,AUDd5,9
156,1,3208.64659771471,77.66687910029418,AUDd6a,9
243,0,397.9076096363818,0.0,AUDd6b,9
480149230,0,0,0,VISlla,9
480149234,0,0,0,VISlla1,10
480149238,0,0,0,VISlla2/3,10
480149242,0,0,0,VISlla4,10
480149246,0,0,0,VISlla5,10
480149250,0,0,0,VISlla6a,10
480149254,0,0,0,VISlla6b,10
1002,9,49006.34766016805,2207.9571230112897,AUDp,8
735,0,5535.311259483858,604.2581763014241,AUDp1,9
251,6,17785.992418208316,924.9289892050358,AUDp2/3,9
816,0,8190.681135546427,102.51916199338245,AUDp4,9
847,3,12264.456680476289,572.6723823940289,AUDp5,9
954,0,4321.635742148637,3.578413117418814,AUDp6a,9
1005,0,908.2704243045204,0.0,AUDp6b,9
1027,2,8233.265281281061,166.3185739483119,AUDpo,8
696,0,1207.8801236648803,32.89447406251941,AUDpo1,9
643,0,2875.0967829112924,17.09656359361255,AUDpo2/3,9
759,1,1048.9823267493928,14.570554336505051,AUDpo4,9
791,0,1814.4683980640855,54.046747892399075,AUDpo5,9
249,1,936.8544450041888,47.71023406327579,AUDpo6a,9
456,0,349.9832048872199,0.0,AUDpo6b,9
1018,5,25158.027276645837,663.176359029645,AUDv,8
959,0,2351.4956203021097,72.52936689386277,AUDv1,9
755,0,5449.357413530887,40.88104889439808,AUDv2/3,9
990,1,4028.8584447741687,58.758499862663605,AUDv4,9
1023,2,8189.706122232306,247.9549284934614,AUDv5,9
520,2,4513.108288927848,206.72513208891206,AUDv6a,9
598,0,625.5013868785175,36.32738279634716,AUDv6b,9
669,67,272121.79976570664,15811.687267240683,VIS,7
801,0,0,0,VIS1,8
561,0,0,0,VIS2/3,8
913,0,0,0,VIS4,8
937,0,0,0,VIS5,8
457,0,0,0,VIS6a,8
497,0,0,0,VIS6b,8
402,12,18396.86625049755,2357.6831301091615,VISal,8
1074,0,2185.9774042467157,424.0075075727245,VISal1,9
905,7,6010.996607809779,1049.1693113557137,VISal2/3,9
1114,2,2915.5334129396856,500.4792927466663,VISal4,9
233,3,4954.549172809749,377.0487785302298,VISal5,9
601,0,1947.1503595667727,3.275570961362426,VISal6a,9
649,0,382.6592931248541,3.7026689424645505,VISal6b,9
394,2,14880.020258003911,199.02429026873554,VISam,8
281,1,2321.237390523772,77.5570669526595,VISam1,9
1066,1,4729.151134370214,87.82326006953727,VISam2/3,9
401,0,1916.4453442087615,11.28863704962332,VISam4,9
433,0,3984.86504170178,2.7599626460107713,VISam5,9
1046,0,1655.5979797829514,17.2036750706473,VISam6a,9
441,0,272.7233674164332,2.39168848025739,VISam6b,9
409,12,24753.59993010263,2568.896633971169,VISl,8
421,1,3604.020076616005,470.0600441586536,VISl1,9
973,4,6244.106913718821,630.5567654647286,VISl2/3,9
573,0,2864.305334355303,86.12727085982789,VISl4,9
613,0,5834.904591386998,338.02889228016517,VISl5,9
74,6,5455.3804490968105,878.8273031225617,VISl6a,9
121,1,750.8825649286968,165.29635808523236,VISl6b,9
385,31,167021.7840487509,8464.10379551228,VISp,8
593,4,27789.42941982875,1808.0556638362127,VISp1,9
821,11,59290.14435933147,2059.3323689577737,VISp2/3,9
721,4,30049.512501356247,839.0807235419901,VISp4,9
778,6,27098.133751536916,1696.9900735041615,VISp5,9
33,4,19932.641276601247,1719.9498384778317,VISp6a,9
305,2,2861.922740096276,340.6951271943107,VISp6b,9
425,0,9165.065844248677,46.923141680709236,VISpl,8
750,0,1849.1426669650753,0.0,VISpl1,9
269,0,3074.5351435127122,0.0,VISpl2/3,9
869,0,570.2803203113124,0.8001622318296439,VISpl4,9
902,0,2220.729708767968,1.963536382950308,VISpl5,9
377,0,1302.1082916112052,38.37075835061702,VISpl6a,9
393,0,148.26971308040305,5.788684715312266,VISpl6b,9
533,7,21280.590958471355,1283.7452089697206,VISpm,8
805,3,3860.072885712246,304.81854101690595,VISpm1,9
41,2,8241.606743984277,594.9295119522349,VISpm2/3,9
501,1,1793.1029437933557,146.19125085020974,VISpm4,9
565,0,4564.273767568868,95.2130113677676,VISpm5,9
257,1,2451.9412600901846,107.47167336964617,VISpm6a,9
469,0,369.5933573224243,35.121220412956006,VISpm6b,9
312782574,2,6940.719885198313,619.0297840080918,VISli,8
312782578,0,737.025441908272,23.73317068321155,VISli1,9
312782582,0,1209.6918999081188,17.979623219567134,VISli2/3,9
312782586,0,620.6124184749683,18.956573694210494,VISli4,9
312782590,0,2664.737183084739,229.60506486364247,VISli5,9
312782594,1,1445.3337658744392,234.2086925751293,VISli6a,9
312782598,1,263.31917594777616,94.54665897233089,VISli6b,9
312782628,1,9683.15259043327,272.2812827208118,VISpor,8
312782632,0,2016.7774910346,36.20145342636032,VISpor1,9
312782636,0,2769.7555445496123,35.23802041922831,VISpor2/3,9
312782640,1,452.4998901051534,96.62635691788786,VISpor4,9
312782644,0,2639.224099683038,22.078309358755117,VISpor5,9
312782648,0,1545.6434823737275,56.417510917377996,VISpor6a,9
312782652,0,259.25208268713925,25.719631681202216,VISpor6b,9
31,38,120058.36531932127,9232.000842820236,ACA,7
572,0,0,0,ACA1,8
1053,0,0,0,ACA2/3,8
739,0,0,0,ACA5,8
179,0,0,0,ACA6a,8
227,0,0,0,ACA6b,8
39,30,90127.21894294549,6684.915798504121,ACAd,8
935,1,15456.250361824663,797.3391187034312,ACAd1,9
211,4,16981.149329605032,1060.926433238006,ACAd2/3,9
1015,8,37800.07875558341,2082.570015265983,ACAd5,9
919,17,19242.81934246064,2640.4062801905534,ACAd6a,9
927,0,646.9211534717529,103.67395110614768,ACAd6b,9
48,8,29931.146376375775,2547.0850443161144,ACAv,8
588,1,5657.058982951696,682.1631123825911,ACAv1,9
296,2,6045.755621620856,425.2669047242431,ACAv2/3,9
772,4,12633.149874874614,1075.3447348932925,ACAv5,9
810,1,4988.480837392075,342.8180687186579,ACAv6a,9
819,0,606.7010595365306,21.492223597330042,ACAv6b,9
972,9,39636.83133135264,2149.116617044486,PL,7
171,0,7013.864282842186,434.010029702117,PL1,8
195,0,0,0,PL2,8
304,3,6825.884353593989,631.5719489181834,PL2/3,8
363,4,17381.160480404036,716.7955997789161,PL5,8
84,2,7905.696773070445,346.5408150599659,PL6a,8
132,0,510.2254414419832,20.198223585303484,PL6b,8
44,0,4670.746415465914,21.833861562154823,ILA,7
707,0,576.9602650454142,0.0,ILA1,8
747,0,0,0,ILA2,8
556,0,637.8232094998269,0.0,ILA2/3,8
827,0,1276.902958612836,0.0,ILA5,8
1054,0,1904.060772431375,18.84952817286286,ILA6a,8
1081,0,274.99920987646186,2.9843333892919603,ILA6b,8
714,23,137764.59915576084,5576.851939057573,ORB,7
264,0,0,0,ORB1,8
492,0,0,0,ORB2/3,8
352,0,0,0,ORB5,8
476,0,0,0,ORB6a,8
516,0,0,0,ORB6b,8
723,14,79419.4644402595,3389.1837985594243,ORBl,8
448,0,7496.085657727857,268.25006714885853,ORBl1,9
412,0,17744.480840767814,300.3694738859656,ORBl2/3,9
630,6,38823.63108496201,1351.2648104052214,ORBl5,9
440,7,14366.606422003895,1366.1471204187403,ORBl6a,9
488,1,988.6604347979154,103.15232670063821,ORBl6b,9
731,1,19182.896605450587,626.1082938474708,ORBm,8
484,0,3686.398596172996,201.82157781233855,ORBm1,9
524,0,0,0,ORBm2,9
582,0,6305.13972323129,95.0174313401815,ORBm2/3,9
620,1,6919.284270936986,314.78616107205573,ORBm5,9
910,0,2213.386339869914,14.48312362289507,ORBm6a,9
527696977,0,58.68767523940275,0.0,ORBm6b,9
738,0,0,0,ORBv,8
746,8,39162.23811005077,1561.5598466506783,ORBvl,8
969,0,6634.43789834685,162.45981330105994,ORBvl1,9
288,3,14636.388718306818,591.4040483805942,ORBvl2/3,9
1125,1,13061.510411862335,215.14448549963214,ORBvl5,9
608,4,4629.825789618753,581.0220161063884,ORBvl6a,9
680,0,200.07529191600705,11.529483363003438,ORBvl6b,9
95,36,100318.749169198,6666.451744141865,AI,7
104,32,72487.62421351769,5601.4580778815,AId,8
996,0,4846.395505110185,262.77993130378775,AId1,9
328,5,11916.405153997766,837.9581808322846,AId2/3,9
1101,12,30443.57148177859,2229.8987142580763,AId5,9
783,15,23054.402228312985,2101.9910913370504,AId6a,9
831,0,2226.84984431816,168.83016015030117,AId6b,9
111,3,9984.322862024423,625.6824566392918,AIp,8
120,0,846.9340906382394,0.0,AIp1,9
163,0,2855.9351681886424,55.31982410562089,AIp2/3,9
344,0,2711.3684491708796,9.016330381371521,AIp5,9
314,3,3398.6703888776865,559.7565726576013,AIp6a,9
355,0,171.4147651489748,1.5897294946980922,AIp6b,9
119,1,17846.80209365586,439.3112096210735,AIv,8
704,0,1135.2711976966175,36.10793510250962,AIv1,9
694,1,6393.37659592846,257.56014373146746,AIv2/3,9
800,0,8295.72695108217,125.01634888794902,AIv5,9
675,0,1951.183013310387,19.236590615542813,AIv6a,9
699,0,71.24433563822443,1.390191283604543,AIv6b,9
254,35,161962.36808792295,13808.821873966976,RSP,7
894,4,35100.48825652495,722.9312740906112,RSPagl,8
671,0,5800.398256811755,180.9523096649236,RSPagl1,9
965,2,13394.504462769577,261.57980419108344,RSPagl2/3,9
774,1,10010.29763781706,171.61044315812433,RSPagl5,9
906,1,5369.467298217036,102.74623698653531,RSPagl6a,9
279,0,525.8206009095262,6.042480089944444,RSPagl6b,9
480149258,0,0,0,VISmma,9
480149262,0,0,0,VISmma1,10
480149266,0,0,0,VISmma2/3,10
480149270,0,0,0,VISmma4,10
480149274,0,0,0,VISmma5,10
480149278,0,0,0,VISmma6a,10
480149282,0,0,0,VISmma6b,10
480149286,0,0,0,VISmmp,9
480149290,0,0,0,VISmmp1,10
480149294,0,0,0,VISmmp2/3,10
480149298,0,0,0,VISmmp4,10
480149302,0,0,0,VISmmp5,10
480149306,0,0,0,VISmmp6a,10
480149310,0,0,0,VISmmp6b,10
480149314,0,0,0,VISm,9
480149318,0,0,0,VISm1,10
480149322,0,0,0,VISm2/3,10
480149326,0,0,0,VISm4,10
480149330,0,0,0,VISm5,10
480149334,0,0,0,VISm6a,10
480149338,0,0,0,VISm6b,10
879,5,48059.46485747569,1669.7806931859102,RSPd,8
442,0,7913.618616068644,193.0676973534094,RSPd1,9
434,2,14306.183676835724,279.93863323438507,RSPd2/3,9
545,0,0,0,RSPd4,9
610,3,16203.9870730753,994.2123077073016,RSPd5,9
274,0,9045.645297882416,200.2779702290951,RSPd6a,9
330,0,590.0301936136013,2.284084661718821,RSPd6b,9
886,26,78802.41497392232,11416.109906690453,RSPv,8
542,0,19692.928247680764,1720.398909772302,RSPv1,9
606,0,0,0,RSPv2,9
430,2,22533.737187782404,1765.633393958077,RSPv2/3,9
687,22,26930.913082945717,6969.835436257196,RSPv5,9
590,2,8793.306364520651,920.9743456653914,RSPv6a,9
622,0,851.5300909927766,39.26782103748786,RSPv6b,9
22,14,58999.52667585136,3371.4610315959435,PTLp,7
532,0,0,0,PTLp1,8
241,0,0,0,PTLp2/3,8
635,0,0,0,PTLp4,8
683,0,0,0,PTLp5,8
308,0,0,0,PTLp6a,8
340,0,0,0,PTLp6b,8
312782546,5,31833.41713172841,1473.878484511661,VISa,8
312782550,0,4005.9647232307,300.6882549245147,VISa1,9
312782554,2,12932.247725313302,414.2581088728438,VISa2/3,9
312782558,1,3936.6018199884475,272.3051570786669,VISa4,9
312782562,2,7427.703756529583,486.62696363563566,VISa5,9
312782566,0,2908.360518188434,0.0,VISa6a,9
312782570,0,622.5385884779431,0.0,VISa6b,9
417,9,27166.109544122955,1897.5825470842822,VISrl,8
312782604,0,3907.5413761864174,545.4741101544137,VISrl1,9
312782608,5,8558.721073396111,594.4488552422687,VISrl2/3,9
312782612,3,5687.584533273993,415.2229632840767,VISrl4,9
312782616,1,5454.075547209152,295.97057888920585,VISrl5,9
312782620,0,3138.6994839252466,46.466039514317345,VISrl6a,9
312782624,0,419.4875301320343,0.0,VISrl6b,9
541,9,28556.767323999207,1566.5820581824357,TEa,7
97,0,4373.681418576347,139.11746103376595,TEa1,8
1127,3,6298.903896571816,297.2426458504947,TEa2/3,8
234,1,3157.966212247211,146.4401675969026,TEa4,8
289,4,8634.968777045575,699.7408295521882,TEa5,8
729,1,4977.34061430257,257.495726741923,TEa6a,8
786,0,1113.9064052556866,26.545227407161132,TEa6b,8
922,0,5217.543581740666,5.982903126752101,PERI,7
335,0,336.43994436593243,0.0,PERI6a,8
368,0,54.89599940774147,5.982903126752101,PERI6b,8
540,0,476.6441217934648,0.0,PERI1,8
692,0,2238.69406863642,0.0,PERI5,8
888,0,2110.869447537107,0.0,PERI2/3,8
895,4,13247.54714763393,572.3989152559035,ECT,7
836,0,1141.6111998490005,11.139925469275422,ECT1,8
427,0,3996.532140044587,24.262329323171407,ECT2/3,8
988,2,4366.542486348407,213.16095602065414,ECT5,8
977,2,3404.7716195893518,308.69161755303855,ECT6a,8
1045,0,338.0897018025833,15.144086889763992,ECT6b,8
698,15,43475.36485766308,3029.930546317353,OLF,6
507,1,1120.3633537170492,359.78406952592536,MOB,7
212,0,0,0,MOBgl,8
220,0,0,0,MOBgr,8
228,0,0,0,MOBipl,8
236,0,0,0,MOBmi,8
244,0,0,0,MOBopl,8
151,0,438.86611695166414,183.17194246809782,AOB,7
188,0,423.0785611411379,181.1812211042514,AOBgl,8
196,0,0,0,AOBgr,8
204,0,15.787555810526214,1.9907213638464327,AOBmi,8
159,4,4795.276336778693,443.7667797831865,AON,7
167,0,0,0,AONd,8
175,0,0,0,AONe,8
183,0,0,0,AONl,8
191,0,0,0,AONm,8
199,0,0,0,AONpv,8
160,0,0,0,AON1,8
168,0,0,0,AON2,8
589,0,2470.659352189624,0.0,TT,7
597,0,1870.7229200815573,0.0,TTd,8
297,0,0,0,TTd1-4,9
1034,0,0,0,TTd1,9
1042,0,0,0,TTd2,9
1050,0,0,0,TTd3,9
1059,0,0,0,TTd4,9
605,0,599.9364321080664,0.0,TTv,8
306,0,0,0,TTv1-3,9
1067,0,0,0,TTv1,9
1075,0,0,0,TTv2,9
1082,0,0,0,TTv3,9
814,0,4142.901388828342,0.0,DP,7
496,0,0,0,DP1,8
535,0,0,0,DP2,8
360,0,0,0,DP2/3,8
646,0,0,0,DP5,8
267,0,0,0,DP6a,8
961,3,15820.73043436431,577.78164807505,PIR,7
152,0,0,0,PIR1-3,8
276,0,0,0,PIR1,8
284,0,0,0,PIR2,8
291,0,0,0,PIR3,8
619,0,463.8880884137552,81.10632714155898,NLOT,7
392,0,0,0,NLOT1-3,8
260,0,103.089510217988,0.0,NLOT1,8
268,0,242.22510612506633,1.87996491415368,NLOT2,8
1139,0,118.57347207070089,79.2263622274053,NLOT3,8
631,2,3323.421813421377,617.7343858402706,COA,7
639,0,711.4316180027489,77.11134643055952,COAa,8
192,0,0,0,COAa1,9
200,0,0,0,COAa2,9
208,0,0,0,COAa3,9
647,2,2611.990195418628,540.6230394097112,COAp,8
655,1,1572.629090951522,452.9196987334599,COApl,9
584,0,0,0,COApl1-2,10
376,0,0,0,COApl1-3,10
216,0,0,0,COApl1,10
224,0,0,0,COApl2,10
232,0,0,0,COApl3,10
663,1,1039.3611044671063,87.70334067625132,COApm,9
592,0,0,0,COApm1-2,10
383,0,0,0,COApm1-3,10
240,0,0,0,COApm1,10
248,0,0,0,COApm2,10
256,0,0,0,COApm3,10
788,1,736.2876739106355,76.59643578919783,PAA,7
400,0,0,0,PAA1-3,8
408,0,0,0,PAA1,8
416,0,0,0,PAA2,8
424,0,0,0,PAA3,8
566,0,771.1217641934184,159.26043519971608,TR,7
517,0,0,0,TR1-3,8
1140,0,0,0,TR1,8
1141,0,0,0,TR2,8
1142,0,0,0,TR3,8
1089,271,358464.0755344705,50460.16452637092,HPF,6
1080,92,121199.85520821346,17241.487463972036,HIP,7
375,34,87840.15073493395,8181.0467608799245,CA,8
382,24,62840.504562355476,6261.654752163757,CA1,9
391,0,0,0,CA1slm,10
399,0,0,0,CA1so,10
407,0,0,0,CA1sp,10
415,0,0,0,CA1sr,10
423,0,2209.9644196599115,223.54695306376462,CA2,9
431,0,0,0,CA2slm,10
438,0,0,0,CA2so,10
446,0,0,0,CA2sp,10
454,0,0,0,CA2sr,10
463,10,22789.68175291857,1695.8450556524026,CA3,9
471,0,0,0,CA3slm,10
479,0,0,0,CA3slu,10
486,0,0,0,CA3so,10
495,0,0,0,CA3sp,10
504,0,0,0,CA3sr,10
726,56,31551.139245394406,8979.611496940906,DG,8
10703,38,21920.777303717394,7657.2331903580225,DG-mo,9
10704,6,2748.9994429983926,229.55629696019966,DG-po,9
632,12,6881.36249867862,1092.8220096226846,DG-sg,9
10702,0,0,0,DG-sgz,9
734,0,0,0,DGcr,9
742,0,0,0,DGcr-mo,10
751,0,0,0,DGcr-po,10
758,0,0,0,DGcr-sg,10
766,0,0,0,DGlb,9
775,0,0,0,DGlb-mo,10
782,0,0,0,DGlb-po,10
790,0,0,0,DGlb-sg,10
799,0,0,0,DGmb,9
807,0,0,0,DGmb-mo,10
815,0,0,0,DGmb-po,10
823,0,0,0,DGmb-sg,10
982,0,266.518393792424,0.0,FC,8
19,2,1542.0468340926775,80.82920615120727,IG,8
822,178,231872.71649625862,32730.9412738963,RHP,7
909,6,117083.5782850614,1699.4089630382077,ENT,8
918,3,46900.40430419614,1035.3186013853776,ENTl,9
1121,0,2442.6359639126176,219.0583100286318,ENTl1,10
20,2,9469.315635223456,384.7108662932817,ENTl2,10
999,0,0,0,ENTl2/3,10
715,0,0,0,ENTl2a,10
764,0,0,0,ENTl2b,10
52,0,13041.979146641997,161.77893493771487,ENTl3,10
92,0,0,0,ENTl4,10
312,0,0,0,ENTl4/5,10
139,0,15217.493612399012,9.416252475079435,ENTl5,10
387,0,0,0,ENTl5/6,10
28,1,6728.979946019054,260.35423765066986,ENTl6a,10
60,0,0,0,ENTl6b,10
926,3,70183.17398086526,664.0903616528304,ENTm,9
526,2,6573.884686456497,151.61390075418385,ENTm1,10
543,0,12290.227138889306,159.89852170106278,ENTm2,10
468,0,0,0,ENTm2a,10
508,0,0,0,ENTm2b,10
664,0,18189.13097924609,7.48105875922656,ENTm3,10
712,0,0,0,ENTm4,10
727,0,21984.44797459605,31.795420305567134,ENTm5,10
550,0,0,0,ENTm5/6,10
743,1,11145.483201677322,313.3014601327901,ENTm6,10
934,0,0,0,ENTmv,9
259,0,0,0,ENTmv1,10
324,0,0,0,ENTmv2,10
371,0,0,0,ENTmv3,10
419,0,0,0,ENTmv4,10
1133,0,0,0,ENTmv5/6,10
843,1,7794.647941283119,218.7926816072556,PAR,8
10693,0,0,0,PAR1,9
10694,0,0,0,PAR2,9
10695,0,0,0,PAR3,9
1037,25,28125.482762755,5145.792115632339,POST,8
10696,0,0,0,POST1,9
10697,0,0,0,POST2,9
10698,0,0,0,POST3,9
1084,58,22127.167200870637,8034.240747693131,PRE,8
10699,0,0,0,PRE1,9
10700,0,0,0,PRE2,9
10701,0,0,0,PRE3,9
502,72,41068.2688973585,13197.795334092163,SUB,8
509,0,0,0,SUBd,9
829,0,0,0,SUBd-m,10
845,0,0,0,SUBd-sp,10
837,0,0,0,SUBd-sr,10
518,0,0,0,SUBv,9
853,0,0,0,SUBv-m,10
870,0,0,0,SUBv-sp,10
861,0,0,0,SUBv-sr,10
484682470,16,13812.668049118747,4382.858289113937,ProS,8
484682475,0,0,0,ProSd,9
484682479,0,0,0,ProSd-m,10
484682483,0,0,0,ProSd-sp,10
484682487,0,0,0,ProSd-sr,10
484682492,0,0,0,ProSv,9
484682496,0,0,0,ProSv-m,10
484682500,0,0,0,ProSv-sp,10
484682504,0,0,0,Prosv-sr,10
589508447,0,692.8098728499884,0.0,HATA,8
484682508,0,1168.093486961221,52.053142719264194,APr,8
703,26,40126.17769834692,3099.750272422997,CTXsp,5
16,0,0,0,6b,6
583,16,12447.895759248391,1958.3635695197593,CLA,6
942,3,11546.59425731185,330.01239874757954,EP,6
952,3,10244.542266471017,321.4665522965087,EPd,7
966,0,1302.0519908408328,8.545846451070817,EPv,7
131,0,3916.896845674151,0.0,LA,6
295,1,5950.000349748678,74.74675473495545,BLA,6
303,1,3888.977567725735,73.97686194573559,BLAa,7
311,0,1501.806717275657,0.7698927892198595,BLAp,7
451,0,559.2160647472856,0.0,BLAv,7
319,3,3371.5058690924943,336.84250520132116,BMA,6
327,1,1462.8646882292965,154.78683039289265,BMAa,7
334,2,1908.6411808631976,182.0556748084285,BMAp,7
780,3,1297.223946829864,248.1187109572084,PA,6
623,309,862509.9401294575,39847.939576814715,CNU,4
477,283,762223.291693594,36067.13632538665,STR,5
485,258,680233.2673091816,33357.383681178246,STRd,6
672,258,680233.2673091816,33357.383681178246,CP,7
493,21,29344.691096970746,2027.3366322530999,STRv,6
56,6,22423.07787130653,668.9187844547935,ACB,7
998,0,2104.3686889685096,41.32723763366784,FS,7
754,15,4817.244536695705,1317.0906101646385,OT,7
481,0,0,0,isl,8
489,0,0,0,islm,8
144,0,0,0,OT1-3,8
458,0,0,0,OT1,8
465,0,0,0,OT2,8
473,0,0,0,OT3,8
549009199,0,0,0,LSS,7
275,2,26842.487312578858,353.9562172569565,LSX,6
242,2,20827.4736863199,353.9562172569565,LS,7
250,0,2573.4165566161623,0.0,LSc,8
258,2,17574.873066614353,262.8293012723897,LSr,8
266,0,679.1840630893869,91.12691598456675,LSv,8
310,0,5150.830176738742,0.0,SF,7
333,0,864.1834495202149,0.0,SH,7
278,1,11514.783074757648,104.48514108813536,sAMY,6
23,0,2111.6265270628705,0.0,AAA,7
292,0,5.594914497037655,0.0,BA,7
536,1,6180.193934398612,88.58623207010521,CEA,7
544,0,1080.7379931845471,0.0,CEAc,8
551,0,1111.8766704537852,0.0,CEAl,8
559,1,3987.5792707602795,88.58623207010521,CEAm,8
1105,0,465.71107519779974,3.914469729052151,IA,7
403,0,2751.6566236013277,11.984439288977995,MEA,7
411,0,0,0,MEAad,8
418,0,0,0,MEAav,8
426,0,0,0,MEApd,8
472,0,0,0,MEApd-a,9
480,0,0,0,MEApd-b,9
487,0,0,0,MEApd-c,9
435,0,0,0,MEApv,8
803,26,100286.64843586349,3780.803251428063,PAL,5
818,3,55398.8234510304,946.7812254253417,PALd,6
1022,2,46774.123715293965,523.3450669173635,GPe,7
1031,1,8624.69973573644,423.43615850797823,GPi,7
835,3,18129.135879401525,451.66041615154705,PALv,6
342,3,17060.654726541114,451.66041615154705,SI,7
298,0,1068.4811528604098,0.0,MA,7
826,0,8251.188551027706,2.7893954121083113,PALm,6
904,0,5488.505119175476,2.7893954121083113,MSC,7
564,0,3103.348508033785,2.7893954121083113,MS,8
596,0,2385.15661114169,0.0,NDB,8
581,0,2762.68343185223,0.0,TRS,7
809,10,4929.752072011428,1165.1818531098559,PALc,6
351,10,4857.089925677927,1165.1818531098559,BST,7
359,0,0,0,BSTa,8
537,0,0,0,BSTal,9
498,0,0,0,BSTam,9
505,0,0,0,BSTdm,9
513,0,0,0,BSTfu,9
546,0,0,0,BSTju,9
521,0,0,0,BSTmg,9
554,0,0,0,BSTov,9
562,0,0,0,BSTrh,9
529,0,0,0,BSTv,9
367,0,0,0,BSTp,8
569,0,0,0,BSTd,9
578,0,0,0,BSTpr,9
585,0,0,0,BSTif,9
594,0,0,0,BSTtr,9
602,0,0,0,BSTse,9
287,0,72.66214633350098,0.0,BAC,7
343,935,1013417.0774134214,217527.4882111091,BS,3
1129,886,559588.9925103964,207241.40865449695,IB,4
549,798,436226.85574805713,192031.4024436047,TH,5
864,544,142719.7929637379,123811.8778202084,DORsm,6
637,458,130264.18409170766,104741.94518641445,VENT,7
629,40,40785.45806415542,13190.558969238215,VAL,8
685,22,32036.500886010966,7366.167604709067,VM,8
709,394,54707.07129490944,83295.27759218824,VP,8
718,83,15486.370396167102,18827.04735496674,VPL,9
725,5,1646.567693705853,1373.1884787992933,VPLpc,9
733,302,30298.847977425572,61829.82900660119,VPM,9
741,4,7275.285227610914,1265.21275182102,VPMpc,9
563807435,2,2735.1538466318234,889.941020278932,PoT,8
406,0,3644.825286037734,47.83812652324406,SPF,7
414,0,1252.277098490133,14.709938358958583,SPFm,8
422,0,2392.5481875476007,33.128188164285476,SPFp,8
609,0,2007.3219694448517,0.0,SPA,7
1044,0,160.75906915740075,106.56802172271797,PP,7
1008,86,6642.70254739023,18915.526485548005,GENd,7
475,23,1878.4769626479917,5428.124663645317,MG,8
1072,6,205.4148676915362,1092.8393383888626,MGd,9
1079,9,664.21763796147,2377.127284314199,MGv,9
1088,8,1008.8444569949855,1958.1580409422547,MGm,9
170,63,4764.225584742238,13487.401821902686,LGd,8
496345664,18,968.4698785506599,4206.833769903921,LGd-sh,9
496345668,33,2980.883084889555,6909.880394738838,LGd-co,9
496345672,12,814.8726213020241,2370.687657259927,LGd-ip,9
856,233,280142.68235284573,62509.84054147004,DORpm,6
138,69,62862.66342630262,21261.979787766555,LAT,7
218,17,11391.806562467329,5358.6593280759025,LP,8
1020,43,44134.90573369309,14002.95125106555,PO,8
1029,4,1945.9762266576838,727.9144585041964,POL,8
325,4,393.4182804517852,822.1389224267589,SGN,8
560581551,1,4996.556623032728,350.31582769414666,Eth,8
560581555,0,0,0,REth,8
239,40,48107.69561595867,9740.442483321713,ATN,7
255,9,16982.414985742555,1778.9226151007608,AV,8
127,5,11768.432799325641,1464.0742334045117,AM,8
1096,4,7281.949331589731,1133.663052761868,AMd,9
1104,1,4486.4834677359095,330.41118064264367,AMv,9
64,1,1921.5718665797835,214.2447542169538,AD,8
1120,0,871.3690688330038,56.95900636111702,IAM,8
1113,4,3152.2027219457336,664.3469720820023,IAD,8
155,21,13411.704173531956,5561.894902156368,LD,8
444,25,49922.97559574881,10116.854630741604,MED,7
59,0,3533.3781391724538,19.970927135317506,IMD,8
362,12,34188.65119063286,5165.332942885111,MD,8
617,0,0,0,MDc,9
626,0,0,0,MDl,9
636,0,0,0,MDm,9
366,11,9726.906887891357,4231.261819132311,SMT,8
1077,2,2474.0393780521385,700.2889415888641,PR,8
571,15,17239.133546875273,4173.979156468317,MTN,7
149,2,3049.6492962114107,438.3937140558581,PVT,8
15,9,3200.131265609092,2060.080106689901,PT,8
181,4,8630.966474961473,1673.1901706758508,RE,8
560581559,0,2358.3865100932976,2.3151650467074365,Xi,8
51,32,54930.91849278983,7897.8312794279755,ILM,7
189,5,2731.2387560870206,794.7550426849511,RH,8
599,3,6529.915650278267,1121.8485157375344,CM,8
907,10,11752.50531256489,2574.900498376155,PCN,8
575,11,12079.976032737106,2302.9798999231316,CL,8
930,1,20573.4203964239,440.6377640766606,PF,8
560581563,2,1263.8623446986549,662.709558629543,PIL,8
262,43,42531.918705652795,7666.55047397757,RT,7
1014,9,2393.6182650725514,1508.1781869779907,GENv,7
27,1,242.89179956056375,275.65663940707867,IGL,8
563807439,2,88.80954231675916,324.4908405452027,IntG,8
178,6,1903.882308175058,908.0307070257091,LGv,8
300,0,0,0,LGvl,9
316,0,0,0,LGvm,9
321,0,158.03461502017035,0.0,SubG,8
958,0,2153.758704445216,144.0245427883306,EPI,7
483,0,57.32890795350794,0.9962708868575729,MH,8
186,0,2096.429796491708,143.02827190147303,LH,8
953,0,0,0,PIN,8
1097,88,123362.13676233924,15210.006210892212,HY,5
157,3,1510.7693784605399,387.8032670029823,PVZ,6
390,0,121.17976096329727,0.0,SO,7
332,0,21.9395270022428,0.0,ASO,7
432,0,0,0,NC,8
38,1,407.1279894148687,169.73135623060753,PVH,7
71,0,0,0,PVHm,8
47,0,0,0,PVHam,9
79,0,0,0,PVHmm,9
103,0,0,0,PVHpm,9
652,0,0,0,PVHpml,10
660,0,0,0,PVHpmm,10
94,0,0,0,PVHp,8
55,0,0,0,PVHap,9
87,0,0,0,PVHmpd,9
110,0,0,0,PVHpv,9
30,0,66.57673288553016,5.919396275557671,PVa,7
118,2,477.99244165677095,209.2691779604673,PVi,7
223,0,415.9529265378299,2.8833365363498333,ARH,7
141,3,4772.162999335398,263.83744330616787,PVR,6
72,0,95.04399286229665,0.0,ADP,7
80,0,0,0,AHA,7
263,0,163.6260767075218,0.0,AVP,7
272,0,53.81216818689707,0.0,AVPV,7
830,2,1635.9321500658614,224.26790983047295,DMH,7
668,0,0,0,DMHa,8
676,0,0,0,DMHp,8
684,0,0,0,DMHv,8
452,0,110.44625941793343,0.0,MEPO,7
523,0,1512.1134284307977,0.0,MPO,7
763,0,0,0,OV,7
914,0,17.068716414452812,0.0,PD,7
1109,0,185.10127618210183,0.0,PS,7
1124,0,0,0,PSCH,7
126,0,678.7208989592776,0.0,PVp,7
133,0,8.966557406462531,0.0,PVpo,7
347,1,195.08795892889995,39.56953347569491,SBPV,7
286,0,56.97040142734494,0.0,SCH,7
338,0,0,0,SFO,7
576073699,0,28.667433709042477,0.0,VMPO,7
689,0,30.60568063650805,0.0,VLPO,7
467,17,39382.88473299975,2236.0162288814427,MEZ,6
88,4,3691.8366693718745,372.5461377953345,AHN,7
700,0,0,0,AHNa,8
708,0,0,0,AHNc,8
716,0,0,0,AHNd,8
724,0,0,0,AHNp,8
331,8,21711.635304770683,705.1983205876084,MBO,7
210,0,190.10316476457146,6.771382148149255,LM,8
491,8,18077.68694780112,623.3898121720299,MM,8
732,2,3197.539194373277,134.42989891486528,Mmme,9
606826647,1,4768.233681710704,51.210827636083,Mml,9
606826651,0,4963.181802885241,112.86490312732495,Mmm,9
606826655,0,531.0342597076068,20.550078091015386,Mmp,9
606826659,5,4617.698009124293,304.33410440274133,Mmd,9
525,0,3171.0520296941645,75.03712626742913,SUM,8
1110,0,0,0,SUMl,9
1118,0,0,0,SUMm,9
557,0,272.79316251082605,0.0,TM,8
1126,0,191.58832896230223,0.0,TMd,9
1,0,81.2048335485238,0.0,TMv,9
515,0,336.6149457857271,0.0,MPN,7
740,0,0,0,MPNc,8
748,0,0,0,MPNl,8
756,0,0,0,MPNm,8
980,0,1181.5203199016514,3.987236625367804,PMd,7
1004,0,1493.2706795615734,0.0,PMv,7
63,0,1490.2240373757636,178.94935974735927,PVHd,7
439,0,0,0,PVHdp,8
447,0,0,0,PVHf,8
455,0,0,0,PVHlp,8
464,0,0,0,PVHmpv,8
693,1,1554.578698528985,276.3369529255924,VMH,7
761,0,0,0,VMHa,8
769,0,0,0,VMHc,8
777,0,0,0,VMHdm,8
785,0,0,0,VMHvl,8
946,4,7923.2040777035,698.9982212001803,PH,7
290,51,57683.66688358525,9359.059410800075,LZ,6
194,16,13238.233272841433,2668.0168360189173,LHA,7
226,0,2490.7404423552803,12.645281752299844,LPO,7
356,0,91.43378671008259,6.644043738196004,PST,7
364,2,1496.2517854428168,184.20995567133014,PSTN,7
576073704,4,2346.5793402350196,446.4499332469444,PeF,7
173,0,476.0543932256832,0.0,RCH,7
470,0,4302.6615621105875,30.758396254584547,STN,7
614,0,964.9042266481244,82.14134842063018,TU,7
797,29,32276.808074016222,5928.193615697172,ZI,7
796,0,0,0,A13,8
804,0,5116.902955563012,187.38642060124633,FF,8
10671,0,27.843703223808003,0.0,ME,6
313,19,275600.2508695168,4064.092167012183,MB,4
339,1,10976.36808356324,286.4204545788523,MBsen,5
302,0,2678.2939831913086,45.560670869667426,SCs,6
851,0,822.3154633076147,4.990252873560353,SCop,7
842,0,746.000002336587,0.9999100759568218,SCsg,7
834,0,1109.978517547107,39.57050792015025,SCzo,7
4,1,7539.284956262158,182.1435914401537,IC,6
811,0,688.9602292334127,0.0,ICc,7
820,0,2305.3398738218043,20.068809275812917,ICd,7
828,1,4544.984853206941,162.07478216434077,ICe,7
580,0,457.5251176775545,58.71619226903117,NB,6
271,0,157.84535364100668,0.0,SAG,6
874,0,73.07004182837224,0.0,PBG,6
460,0,57.46356138451976,0.0,MEV,6
599626923,0,12.88506957832074,0.0,SCO,6
323,4,191936.88327554913,1129.9591285697545,MBmot,5
381,0,28026.335976833856,77.01788000435997,SNr,6
749,0,4299.072531741812,50.012379888696906,VTA,6
607344830,0,34.06015193850494,0.0,PN,6
246,0,859.3103447390206,0.0,RR,6
128,2,59930.129734097536,351.9280861399926,MRN,6
539,0,0,0,MRNm,7
548,0,0,0,MRNmg,7
555,0,0,0,MRNp,7
294,0,35648.13878664339,61.64925221544401,SCm,6
26,0,5431.862681465575,22.275632808805007,SCdg,7
42,0,1685.210436518582,16.955867421519685,SCdw,7
17,0,15062.259782582669,3.9020719941253805,SCiw,7
10,0,13468.80588607656,18.515679990993938,SCig,7
494,0,0,0,SCig-a,8
503,0,0,0,SCig-b,8
511,0,0,0,SCig-c,8
795,1,34860.55425771974,244.15883145051288,PAG,6
50,0,991.8254195228776,0.0,PRC,7
67,0,1002.2609646509887,3.1925123104055597,INC,7
587,0,1249.0051049532635,9.681750603879108,ND,7
614454277,0,364.16439612481986,0.0,Su3,7
1100,0,18378.54035726004,153.72627333995794,PRT,6
215,0,12883.895860273045,152.22795821137348,APN,7
531,0,32.35721683586836,0.0,MPT,7
628,0,464.41967312308645,1.4983151285844725,NOT,7
634,0,2235.967756616668,0.0,NPC,7
706,0,119.39744403959828,0.0,OP,7
1061,0,365.42908320063606,0.0,PPT,7
549009203,0,2277.073323171139,0.0,RPF,7
549009207,0,0,0,InCo,6
616,0,1676.5999412265146,0.0,CUN,6
214,0,5311.79982432624,43.420014807584806,RN,6
35,0,252.97045303228646,17.057306194184836,III,6
549009211,0,685.143280134826,0.0,MA3,6
975,0,541.9185474534074,2.2579071938329145,EW,6
115,0,9.990806440570172,0.0,IV,6
606826663,0,73.31901353629581,0.0,Pa4,6
757,0,426.8409350437772,30.332711372016117,VTN,6
231,0,338.62660504888606,3.98631968383512,AT,6
66,1,147.81815436698858,92.4158428516957,LT,6
75,0,121.69267483270033,1.9963234276406998,DT,6
58,0,314.0208991326769,0.0,MT,6
615,0,0,0,SNl,6
348,1,10717.965197748621,121.75834829673866,MBsta,5
374,0,3003.6571288509385,17.47462059234082,SNc,6
1052,0,4668.310131116086,0.0,PPN,6
165,1,3045.9979377815985,104.28372770439785,RAmb,6
12,0,474.2618342099363,0.0,IF,7
100,0,743.2768966223633,0.0,IPN,7
607344834,0,16.237038151047525,0.0,IPR,8
607344838,0,70.99078196292177,0.0,IPC,8
607344842,0,49.60402268448574,0.0,IPA,8
607344846,0,290.5862664180503,0.0,IPL,8
607344850,0,69.40479358381722,0.0,IPI,8
607344854,0,32.71090358733307,0.0,IPDM,8
607344858,0,99.36574369878218,0.0,IPDL,8
607344862,0,49.02277814471326,0.0,IPRL,8
197,0,603.2392157138764,22.18234271165727,RL,7
591,0,441.85329688122414,15.164922372594845,CLI,7
872,1,783.366694354198,66.93646262014573,DR,7
1065,30,178227.83403350867,6221.987389599983,HB,4
771,13,99684.31229572622,2652.0811751212677,P,5
1132,3,8539.301124786489,342.6265738947463,P-sen,6
612,0,396.36656215143773,0.0,NLL,7
82,0,0,0,NLLd,8
90,0,0,0,NLLh,8
99,0,0,0,NLLv,8
7,3,2358.917039763674,198.76208201891964,PSV,7
867,0,5356.847120666504,44.23630273002714,PB,7
123,0,593.4344802968151,2.388574672633153,KF,8
881,0,0,0,PBl,8
860,0,0,0,PBlc,9
868,0,0,0,PBld,9
875,0,0,0,PBle,9
883,0,0,0,PBls,9
891,0,0,0,PBlv,9
890,0,0,0,PBm,8
899,0,0,0,PBme,9
915,0,0,0,PBmm,9
923,0,0,0,PBmv,9
398,0,427.17040220487206,99.62818914579951,SOC,7
122,0,154.12323669984968,2.899781571512401,POR,8
105,0,80.83384565315396,0.0,SOCm,8
114,0,192.21331985186842,96.7284075742871,SOCl,8
987,5,52234.13244387742,1069.1027846789677,P-mot,6
280,0,58.961398628446474,0.0,B,7
880,0,347.6764820578791,44.391178328206045,DTN,7
283,0,0,0,LTN,7
599626927,0,210.2853266139763,0.0,PDTg,7
898,0,2127.384462973623,40.823521358061384,PCG,7
931,0,21871.024512716147,3.5945229728199615,PG,7
1093,2,12062.556143981737,455.3549362598492,PRNc,7
552,0,0,0,PRNv,7
318,0,47.74041303508267,0.0,SG,7
462,0,0,0,SSN,7
534,1,1332.3171251761669,130.283882303668,SUT,7
574,1,11333.817610398495,127.8570141119496,TRN,7
621,1,1046.0629136122038,89.57654795083832,V,7
549009215,0,1235.3438849057336,164.8335680440744,P5,7
549009219,0,45.18960789602893,2.967538389282013,Acs5,7
549009223,0,189.44085036007914,9.42007496021873,PC5,7
549009227,0,326.3317115218201,0.0,I5,7
1117,4,22249.849874544885,970.4531405560897,P-sat,6
679,0,6060.563952485257,26.065761135763072,CS,7
137,0,0,0,CSl,8
130,0,0,0,CSm,8
147,0,57.688345604407914,0.0,LC,7
162,0,1128.8725707122028,0.0,LDT,7
604,0,527.0455817109336,5.798163567481755,NI,7
146,4,13350.836794536155,930.7320145406613,PRNr,7
238,0,742.4246973615343,5.90255796016331,RPO,7
350,0,94.77470619063915,1.9546433520201942,SLC,7
358,0,287.6432259437578,0.0,SLD,7
354,17,78543.52173778244,3569.906214478718,MY,5
386,1,10640.733856503704,297.4361885986543,MY-sen,6
207,0,0,0,AP,7
607,0,638.9057641345745,0.0,CN,7
112,0,0,0,CNlam,8
560,0,0,0,CNspg,8
96,0,112.36044782627587,0.0,DCO,8
101,0,526.5453163082987,0.0,VCO,8
720,0,133.65054760088688,0.0,DCN,7
711,0,133.65054760088688,0.0,CU,8
1039,0,0,0,GR,8
903,0,107.00233105341678,0.0,ECU,7
642,0,431.5166736802052,0.0,NTB,7
651,0,2276.673119912275,12.613024936878974,NTS,7
659,0,0,0,NTSce,8
666,0,0,0,NTSco,8
674,0,0,0,NTSge,8
682,0,0,0,NTSl,8
691,0,0,0,NTSm,8
429,0,1241.5444262260821,101.24260319732801,SPVC,7
437,1,2286.573083588594,138.43340751658025,SPVI,7
445,0,3518.7682364267644,45.14715294786708,SPVO,7
77,0,0,0,SPVOcdm,8
53,0,0,0,SPVOmdmd,8
61,0,0,0,SPVOmdmv,8
45,0,0,0,SPVOrdm,8
69,0,0,0,SPVOvl,8
589508451,0,6.099673880905707,0.0,Pa5,7
789,0,0,0,z,7
370,12,57796.105465217835,2701.292762097447,MY-mot,6
653,0,216.88585916734172,0.0,VI,7
568,0,0,0,ACVI,7
661,0,1667.865678684807,3.838996589248457,VII,7
576,0,13.05861502420699,0.0,ACVII,7
640,0,0,0,EV,7
135,0,71.92272634749536,0.9639758503198715,AMB,7
939,0,29.283351664926656,0.0,AMBd,8
143,0,42.6393746825687,0.9639758503198715,AMBv,8
839,0,148.99606897793498,0.0,DMX,7
887,0,0,0,ECO,7
1048,1,12746.767921657807,459.641496353,GRN,7
372,0,76.54766537086059,2.92891040220381,ICB,7
83,0,1111.9197461703536,4.623999475239078,IO,7
136,3,10899.31952405002,708.5885935250433,IRN,7
106,0,15.049130245295048,0.0,ISN,7
203,0,171.75837396052128,0.0,LIN,7
235,1,825.1925533842655,316.0060773827686,LRN,7
955,1,803.4461221580439,316.0060773827686,LRNm,8
963,0,21.746431226221617,0.0,LRNp,8
307,0,2770.5462643591163,176.25072742056,MARN,7
395,3,5844.137617414033,242.01906379834062,MDRN,7
1098,2,2477.7783527044594,164.58116733265558,MDRNd,8
1107,1,3366.3592647095743,77.43789646568504,MDRNv,8
852,1,10932.924449780248,218.41893571144368,PARN,7
859,0,36.72634569966769,1.8050695147979847,PAS,7
938,1,2606.467925789664,284.47921223257674,PGRN,7
970,1,869.9810298650583,131.60676271149163,PGRNd,8
978,0,1736.4868959246057,152.87244952108512,PGRNl,8
154,0,674.5064147671443,20.25572076813538,PHY,7
161,0,0,0,NIS,8
177,0,89.10814548681049,4.826622088318323,NR,8
169,0,585.3982692803338,15.429098679817056,PRP,8
995,0,0,0,PMR,7
1069,0,154.20367637209804,49.966776405278694,PPY,7
185,0,0,0,PPYd,8
193,0,0,0,PPYs,8
701,2,5258.06999492837,188.85758423350435,VNC,7
209,0,415.12966080772946,1.930732432133846,LAV,8
202,0,2604.379251900463,2.70422631853895,MV,8
225,1,1745.1108510458232,142.2712559092638,SPIV,8
217,1,493.45023117435437,41.951369573567746,SUV,8
765,0,99.35279938107263,22.647622434986033,x,7
773,0,1447.9842100433248,0.0,XII,7
781,0,5.901903642195299,0.0,y,7
76,0,0,0,INV,7
379,0,1098.6410977130174,29.242587592376836,MY-sat,6
206,0,734.0670965336221,25.722259111082256,RM,7
230,0,208.68160924883006,0.0,RPA,7
222,0,155.89239193056522,3.5203284812945785,RO,7
512,28,15673.42241777263,3660.935432597743,CB,3
528,27,11764.009763073896,3273.2081838489603,CBX,4
645,11,4505.603885769367,1218.159595480383,VERM,5
912,0,34.96879311758219,0.0,LING,6
10707,0,0,0,LINGmo,7
10706,0,0,0,LINGpu,7
10705,0,0,0,LINGgr,7
920,5,1673.680730236605,655.4540542665103,CENT,6
976,2,606.8595147136128,194.31456448888045,CENT2,7
10710,0,0,0,CENT2mo,8
10709,0,0,0,CENT2pu,8
10708,0,0,0,CENT2gr,8
984,3,1066.8212155229921,461.1394897776299,CENT3,7
10713,0,0,0,CENT3mo,8
10712,0,0,0,CENT3pu,8
10711,0,0,0,CENT3gr,8
928,2,1485.3347576655888,136.71789091712344,CUL,6
992,0,0,0,CUL4,7
10716,0,0,0,CUL4mo,8
10715,0,0,0,CUL4pu,8
10714,0,0,0,CUL4gr,8
1001,0,0,0,CUL5,7
10719,0,0,0,CUL5mo,8
10718,0,0,0,CUL5pu,8
10717,0,0,0,CUL5gr,8
1091,2,1485.3347576655888,136.71789091712344,"CUL4, 5",7
10722,0,0,0,"CUL4, 5mo",8
10721,0,0,0,"CUL4, 5pu",8
10720,0,0,0,"CUL4, 5gr",8
936,0,883.489973734937,0.0,DEC,6
10725,0,0,0,DECmo,7
10724,0,0,0,DECpu,7
10723,0,0,0,DECgr,7
944,1,6.013722119987523,169.8736433195635,FOTU,6
10728,0,0,0,FOTUmo,7
10727,0,0,0,FOTUpu,7
10726,0,0,0,FOTUgr,7
951,2,67.90729759141398,142.71922620227076,PYR,6
10731,0,0,0,PYRmo,7
10730,0,0,0,PYRpu,7
10729,0,0,0,PYRgr,7
957,0,208.52182425269672,18.057606250077043,UVU,6
10734,0,0,0,UVUmo,7
10733,0,0,0,UVUpu,7
10732,0,0,0,UVUgr,7
968,1,145.68678705055484,95.33717452483799,NOD,6
10737,0,0,0,NODmo,7
10736,0,0,0,NODpu,7
10735,0,0,0,NODgr,7
1073,16,7258.40587730453,2055.048588368578,HEM,5
1007,1,1677.105784847863,73.89904453775796,SIM,6
10674,0,0,0,SIMmo,7
10673,0,0,0,SIMpu,7
10672,0,0,0,SIMgr,7
1017,5,3532.0419930151556,759.3746569079523,AN,6
1056,0,3133.3577749308292,0.0,ANcr1,7
10677,0,0,0,ANcr1mo,8
10676,0,0,0,ANcr1pu,8
10675,0,0,0,ANcr1gr,8
1064,5,398.68421808432623,759.3746569079523,ANcr2,7
10680,0,0,0,ANcr2mo,8
10679,0,0,0,ANcr2pu,8
10678,0,0,0,ANcr2gr,8
1025,2,143.1210287485274,506.9252810863481,PRM,6
10683,0,0,0,PRMmo,7
10682,0,0,0,PRMpu,7
10681,0,0,0,PRMgr,7
1033,4,563.0470343564426,293.3639525176744,COPY,6
10686,0,0,0,COPYmo,7
10685,0,0,0,COPYpu,7
10684,0,0,0,COPYgr,7
1041,2,994.5414372514166,264.1949209850443,PFL,6
10689,0,0,0,PFLmo,7
10688,0,0,0,PFLpu,7
10687,0,0,0,PFLgr,7
1049,2,348.54859908512356,157.2907323338004,FL,6
10692,0,0,0,FLmo,7
10691,0,0,0,FLpu,7
10690,0,0,0,FLgr,7
1144,0,0,0,CBXmo,5
1145,0,0,0,CBXpu,5
1143,0,0,0,CBXgr,5
519,1,2976.5457992187185,326.9366363532736,CBN,4
989,1,519.9942252790977,313.54919569149774,FN,5
91,0,1772.1987073358166,12.387089603396824,IP,5
846,0,534.666444922552,0.0,DN,5
589508455,0,149.68642168125186,1.0003510583790438,VeCB,5
1009,167,360311.81963650504,28114.931420398345,fiber tracts,2
967,7,16986.927499987443,1197.561378492547,cm,3
885,0,0,0,tn,4
949,0,13.837196729179032,0.0,von,4
840,2,1271.6651662016427,129.9198146274551,In,4
1016,0,0.0,30.869757118704,onl,5
21,0,122.58247007615908,0.0,lotg,5
665,0,27.138886493321525,0.0,lot,6
538,0,95.44358358283756,0.0,lotd,6
459,0,0,0,aolt,6
900,2,1149.0826961254836,99.05005750875111,aco,5
848,3,3004.5665595762102,581.382569054395,IIn,4
876,0,0,0,aot,5
916,3,518.1932392289939,559.1207601052682,bsc,5
336,0,97.39065594914547,0.0,csc,5
117,0,64.05799768017359,0.0,och,5
125,0,2324.9246667178973,22.26180894912677,opt,5
357,0,0,0,ttp,5
832,0,1053.322052747024,72.73838296397524,IIIn,4
62,0,563.5369044243273,72.73838296397524,mlf,5
158,0,255.40469336460725,0.0,pc,5
911,0,29.042579618461634,0.0,IVn,4
384,0,0,0,IVd,5
710,0,0,0,VIn,4
901,0,427.40582437709503,19.972503015282086,Vn,4
93,0,19.174445087719697,0.0,moV,5
229,0,408.23137928937535,19.972503015282086,sV,5
705,0,0,0,mtV,6
794,0,408.23137928937535,19.972503015282086,sptV,6
798,0,309.62612996994045,0.0,VIIn,4
1131,0,0,0,iVIIn,5
1116,0,116.48465552428095,0.0,gVIIn,5
933,1,2876.361228782235,180.95560011382082,VIIIn,4
1076,0,0,0,cvb,5
413,0,166.8878146631432,0.5156287036230537,vVIIIn,5
948,1,2709.4734141190916,180.43997141019776,cVIIIn,5
841,0,906.4724686156543,0.0,tb,6
641,0,0,0,ias,6
506,0,12.44236625770792,0.0,das,6
658,1,1077.2087504954302,141.5386096867844,ll,6
633,0,96.53429476546195,19.844699939178742,cic,6
482,0,616.8155339848371,19.05666178423459,bic,6
808,0,0,0,IXn,4
917,0,1.2000849441038568,0.0,Xn,4
237,0,1.2000849441038568,0.0,ts,5
717,0,0,0,XIn,4
813,0,0,0,XIIn,4
925,0,0,0,vrt,4
792,1,7999.900677041551,212.59250871761856,drt,4
932,1,7999.900677041551,212.59250871761856,cett,5
570,0,0,0,dl,6
522,0,0,0,dcm,6
858,0,0,0,vc,6
586,0,0,0,fpr,6
514,0,4.497118383915311,0.0,dc,6
380,0,4.497118383915311,0.0,cuf,7
388,0,0,0,grf,7
396,0,0,0,iaf,7
697,1,7995.403558657636,212.59250871761856,ml,6
871,0,0,0,sst,4
29,0,0,0,sttl,5
389,0,0,0,sttv,5
245,0,0,0,scrt,5
261,0,0,0,sop,5
270,0,0,0,srp,5
293,0,0,0,svp,5
277,0,0,0,stp,5
253,0,0,0,shp,5
285,0,0,0,step,5
627,0,0,0,hht,6
960,1,10500.19134701647,273.936226712628,cbf,3
744,0,72.38098463748898,0.0,cbc,4
752,0,4128.82085972608,122.41412588237168,cbp,4
326,0,3208.636793260945,98.95786560766618,scp,5
812,0,157.73892723930317,0.0,dscp,6
85,0,0,0,sct,7
850,0,171.82934637612644,0.0,uf,6
866,0,325.97407700330905,0.0,sctv,6
78,0,436.96764195549815,0.0,mcp,5
1123,0,483.21642450963697,23.4562602747055,icp,5
553,0,13.442592307259325,0.0,sctd,6
499,0,0,0,cct,6
650,0,0,0,jrb,6
490,0,0,0,bct,6
404,0,0,0,oct,7
410,0,0,0,rct,7
373,0,0,0,tct,5
728,1,6298.989502652902,151.52210083025636,arb,4
484682512,8,22524.264082621186,1050.2429865397246,scwm,3
983,104,221639.64646901182,16879.028570277565,lfbs,3
776,50,120700.83428197389,7081.557102579874,cc,4
956,13,29559.7491857371,1940.2912200258338,fa,5
579,8,11401.444250610572,1021.0153950739825,ec,6
964,0,325.809277169777,0.0,ee,5
1108,9,18150.132406478293,932.9902810105457,ccg,5
971,7,16360.678401417761,1718.516306748137,fp,5
979,0,0,0,ccr,5
484682516,21,47097.65595047313,2347.4024348963003,ccb,5
986,0,9206.80906069782,142.3568598990568,ccs,5
784,14,63888.6418616156,2605.716752175223,cst,4
6,14,46761.97419971364,2582.492525634587,int,5
924,0,11599.860751165166,20.631433139882322,cpd,5
1036,0,0,0,cte,5
1012,0,0,0,crt,5
1003,0,0,0,cpt,5
994,0,0,0,cbt,5
190,0,2749.7309890312044,0.0,py,5
198,0,152.3595964008004,2.5927934007542928,pyd,5
1019,0,0,0,cstc,5
1028,0,0,0,cstu,5
896,40,37050.170325422325,7191.754715522471,lfbst,4
1092,9,2740.458108039993,1580.726531397292,em,5
14,0,0,0,im,5
86,0,0,0,mtc,5
365,0,0,0,tp,5
484682520,25,27660.170077168495,4242.149962420212,or,5
484682524,6,6649.542140213841,1368.8782217049666,ar,5
1000,2,6420.470989837357,178.93632307058516,eps,3
760,1,2130.542330819929,93.91035844053732,epsc,4
142,0,0,0,pap,5
102,1,2130.542330819929,93.91035844053732,nst,5
109,0,0,0,ntt,5
134,0,0,0,ptf,5
309,0,0,0,snp,5
317,0,0,0,stf,5
877,1,2618.7572295202963,65.84734073224726,tsp,4
1051,0,0,0,tspd,5
1060,0,46.3902083141204,8.868674468656039,dtd,5
1043,1,2572.367021206176,56.97866626359122,tspc,5
863,0,1671.1714294971312,19.17862389780059,rust,4
397,0,298.9371152580776,0.0,vtd,5
221,0,0,0,rrt,5
736,0,0,0,ctb,4
855,0,0,0,rst,4
205,0,0,0,rstl,5
213,0,0,0,rstm,5
941,0,0,0,vsp,4
991,36,72721.80666574997,7303.563636164398,mfbs,3
768,30,63900.876153994235,5673.70071441127,mfbc,4
884,0,654.5428857302143,0.0,amc,5
892,0,0,0,apd,5
908,0,978.8800875234065,12.374775975028182,act,5
940,6,20720.633905667746,1346.1363375555345,cing,5
1099,24,39878.170685547826,4230.571874489733,fxs,5
466,3,12894.816375315357,968.4131042951301,alv,6
530,0,630.210238790801,0.0,df,6
603,2,3258.0318346837594,212.6052049312787,fi,6
745,0,0,0,fxprg,6
420,0,0,0,db,7
737,1,6113.526043884664,142.64345994906043,fxpo,6
428,0,101.38029590238857,0.0,mct,7
436,1,6012.145747982276,142.64345994906043,fx,7
618,18,16981.586192873245,2906.9101053142635,hc,6
443,18,16706.265110193766,2906.9101053142635,dhc,7
449,0,275.32108267948007,0.0,vhc,7
713,0,0,0,per,6
474,0,0,0,ab,6
37,0,0,0,lab,5
301,0,1668.6485895250346,84.61772639097506,st,5
484682528,0,137.040655351001,13.103147711983379,stc,6
824,6,8820.930511755723,1629.8629217531281,mfsbshy,4
54,1,493.03142530035825,51.362203862012706,mfb,5
405,0,0,0,vlt,5
174,0,0,0,poc,5
349,0,103.64673331929318,14.161655449875399,sup,5
817,0,0,0,supa,6
825,0,0,0,supd,6
833,0,0,0,supv,6
166,0,0,0,pmx,5
341,0,0,0,smd,5
182,0,0,0,php,5
762,0,0,0,phpd,6
770,0,0,0,phpl,6
779,0,0,0,phpm,6
787,0,0,0,phpv,6
150,0,0,0,pvbh,5
46,4,4617.1963226896305,1336.9924307762494,mfbsma,5
753,1,915.4762433858646,116.00733727663643,pm,6
690,3,2668.1358075602648,1161.259003542527,mtt,6
681,0,840.8653809850101,59.72608995708614,mtg,6
673,0,192.71889075849163,0.0,mp,6
1068,0,0,0,mfbst,5
722,0,0,0,pvbt,6
1083,1,3607.05603044644,227.34663166499072,mfbse,5
802,1,1848.7656436982145,198.09971228365055,sm,6
595,0,1724.7804345339036,29.24691938134017,fr,6
611,0,33.509952214322425,0.0,hbc,6
730,0,0,0,PIS,6
70,0,0,0,mfbsm,5
547,0,0,0,dlf,6
563,0,0,0,dtt,6
73,0,5876.347025261313,166.21026905026446,VS,2
81,0,4424.228587028393,76.85595108628824,VL,3
89,0,0,0,RC,4
98,0,689.8930223317158,5.3806384312669,SEZ,4
108,0,677.0929008271157,28.938655669112258,chpl,4
116,0,0,0,chfl,4
124,0,0,0,IVF,3
129,0,892.6916478587237,89.3543179639762,V3,3
140,0,390.02428115863313,0.0,AQ,3
145,0,169.40250921556353,0.0,V4,3
153,0,37.61706031390376,0.0,V4r,4
164,0,0,0,c,3
1024,0,0,0,grv,2
1032,0,0,0,grv of CTX,3
1055,0,0,0,eg,4
1063,0,0,0,hf,4
1071,0,0,0,rf,4
1078,0,0,0,ri,4
1040,0,0,0,grv of CBX,3
1087,0,0,0,pce,4
1095,0,0,0,pcf,4
1103,0,0,0,pri,4
1112,0,0,0,psf,4
1119,0,0,0,ppf,4
3,0,0,0,sec,4
11,0,0,0,plf,4
18,0,0,0,nf,4
25,0,0,0,sif,4
34,0,0,0,icf,4
43,0,0,0,apf,4
49,0,0,0,ipf,4
57,0,0,0,pms,4
65,0,0,0,pfs,4
624,0,0,0,IPF,3
304325711,0,0,0,retina,2
0,0,28752.04622675572,1474.023805539691,Other Areas,1
-1,0,5674.568823529064,90.7766751492407,Outside Areas,1
